Breed,Source,Organization,Country,TransboundaryName
Affenpinscher,https://www.akc.org/dog-breeds/affenpinscher/,AKC,USA,Affenpinscher
Afghan Hound,https://www.akc.org/dog-breeds/afghan-hound/,AKC,USA,Afghan Hound
Airedale Terrier,https://www.akc.org/dog-breeds/airedale-terrier/,AKC,USA,Airedale Terrier
Akita,https://www.akc.org/dog-breeds/akita/,AKC,USA,Akita
Alaskan Klee Kai,https://www.akc.org/dog-breeds/alaskan-klee-kai/,AKC,USA,Alaskan Klee Kai
Alaskan Malamute,https://www.akc.org/dog-breeds/alaskan-malamute/,AKC,USA,Alaskan Malamute
American Bulldog,https://www.akc.org/dog-breeds/american-bulldog/,AKC,USA,American Bulldog
American English Coonhound,https://www.akc.org/dog-breeds/american-english-coonhound/,AKC,USA,American English Coonhound
American Eskimo Dog,https://www.akc.org/dog-breeds/american-eskimo-dog/,AKC,USA,American Eskimo Dog
American Foxhound,https://www.akc.org/dog-breeds/american-foxhound/,AKC,USA,American Foxhound
American Hairless Terrier,https://www.akc.org/dog-breeds/american-hairless-terrier/,AKC,USA,American Hairless Terrier
American Leopard Hound,https://www.akc.org/dog-breeds/american-leopard-hound/,AKC,USA,American Leopard Hound
American Staffordshire Terrier,https://www.akc.org/dog-breeds/american-staffordshire-terrier/,AKC,USA,American Staffordshire Terrier
American Water Spaniel,https://www.akc.org/dog-breeds/american-water-spaniel/,AKC,USA,American Water Spaniel
Anatolian Shepherd Dog,https://www.akc.org/dog-breeds/anatolian-shepherd-dog/,AKC,USA,Anatolian Shepherd Dog
Appenzeller Sennenhund,https://www.akc.org/dog-breeds/appenzeller-sennenhund/,AKC,USA,Appenzeller Sennenhund
Australian Cattle Dog,https://www.akc.org/dog-breeds/australian-cattle-dog/,AKC,USA,Australian Cattle Dog
Australian Kelpie,https://www.akc.org/dog-breeds/australian-kelpie/,AKC,USA,Australian Kelpie
Australian Shepherd,https://www.akc.org/dog-breeds/australian-shepherd/,AKC,USA,Australian Shepherd
Australian Stumpy Tail Cattle Dog,https://www.akc.org/dog-breeds/australian-stumpy-tail-cattle-dog/,AKC,USA,Australian Stumpy Tail Cattle Dog
Australian Terrier,https://www.akc.org/dog-breeds/australian-terrier/,AKC,USA,Australian Terrier
Azawakh,https://www.akc.org/dog-breeds/azawakh/,AKC,USA,Azawakh
Barbado da Terceira,https://www.akc.org/dog-breeds/barbado-da-terceira/,AKC,USA,Barbado da Terceira
Barbet,https://www.akc.org/dog-breeds/barbet/,AKC,USA,Barbet
Basenji,https://www.akc.org/dog-breeds/basenji/,AKC,USA,Basenji
Basset Fauve de Bretagne,https://www.akc.org/dog-breeds/basset-fauve-de-bretagne/,AKC,USA,Basset Fauve de Bretagne
Basset Hound,https://www.akc.org/dog-breeds/basset-hound/,AKC,USA,Basset Hound
Bavarian Mountain Scent Hound,https://www.akc.org/dog-breeds/bavarian-mountain-scent-hound/,AKC,USA,Bavarian Mountain Scent Hound
Beagle,https://www.akc.org/dog-breeds/beagle/,AKC,USA,Beagle
Bearded Collie,https://www.akc.org/dog-breeds/bearded-collie/,AKC,USA,Bearded Collie
Beauceron,https://www.akc.org/dog-breeds/beauceron/,AKC,USA,Beauceron
Bedlington Terrier,https://www.akc.org/dog-breeds/bedlington-terrier/,AKC,USA,Bedlington Terrier
Belgian Laekenois,https://www.akc.org/dog-breeds/belgian-laekenois/,AKC,USA,Belgian Laekenois
Belgian Malinois,https://www.akc.org/dog-breeds/belgian-malinois/,AKC,USA,Belgian Malinois
Belgian Sheepdog,https://www.akc.org/dog-breeds/belgian-sheepdog/,AKC,USA,Belgian Sheepdog
Belgian Tervuren,https://www.akc.org/dog-breeds/belgian-tervuren/,AKC,USA,Belgian Tervuren
Bergamasco Sheepdog,https://www.akc.org/dog-breeds/bergamasco-sheepdog/,AKC,USA,Bergamasco Sheepdog
Berger Picard,https://www.akc.org/dog-breeds/berger-picard/,AKC,USA,Berger Picard
Bernese Mountain Dog,https://www.akc.org/dog-breeds/bernese-mountain-dog/,AKC,USA,Bernese Mountain Dog
Bichon Frise,https://www.akc.org/dog-breeds/bichon-frise/,AKC,USA,Bichon Frise
Biewer Terrier,https://www.akc.org/dog-breeds/biewer-terrier/,AKC,USA,Biewer Terrier
Black and Tan Coonhound,https://www.akc.org/dog-breeds/black-and-tan-coonhound/,AKC,USA,Black and Tan Coonhound
Black Russian Terrier,https://www.akc.org/dog-breeds/black-russian-terrier/,AKC,USA,Black Russian Terrier
Bloodhound,https://www.akc.org/dog-breeds/bloodhound/,AKC,USA,Bloodhound
Bluetick Coonhound,https://www.akc.org/dog-breeds/bluetick-coonhound/,AKC,USA,Bluetick Coonhound
Boerboel,https://www.akc.org/dog-breeds/boerboel/,AKC,USA,Boerboel
Bohemian Shepherd,https://www.akc.org/dog-breeds/bohemian-shepherd/,AKC,USA,Bohemian Shepherd
Bolognese,https://www.akc.org/dog-breeds/bolognese/,AKC,USA,Bolognese
Border Collie,https://www.akc.org/dog-breeds/border-collie/,AKC,USA,Border Collie
Border Terrier,https://www.akc.org/dog-breeds/border-terrier/,AKC,USA,Border Terrier
Borzoi,https://www.akc.org/dog-breeds/borzoi/,AKC,USA,Borzoi
Boston Terrier,https://www.akc.org/dog-breeds/boston-terrier/,AKC,USA,Boston Terrier
Bouvier des Flandres,https://www.akc.org/dog-breeds/bouvier-des-flandres/,AKC,USA,Bouvier des Flandres
Boxer,https://www.akc.org/dog-breeds/boxer/,AKC,USA,Boxer
Boykin Spaniel,https://www.akc.org/dog-breeds/boykin-spaniel/,AKC,USA,Boykin Spaniel
Bracco Italiano,https://www.akc.org/dog-breeds/bracco-italiano/,AKC,USA,Bracco Italiano
Braque du Bourbonnais,https://www.akc.org/dog-breeds/braque-du-bourbonnais/,AKC,USA,Braque du Bourbonnais
Braque Francais Pyrenean,https://www.akc.org/dog-breeds/braque-francais-pyrenean/,AKC,USA,Braque Francais Pyrenean
Briard,https://www.akc.org/dog-breeds/briard/,AKC,USA,Briard
Brittany,https://www.akc.org/dog-breeds/brittany/,AKC,USA,Brittany
Broholmer,https://www.akc.org/dog-breeds/broholmer/,AKC,USA,Broholmer
Brussels Griffon,https://www.akc.org/dog-breeds/brussels-griffon/,AKC,USA,Brussels Griffon
Bull Terrier,https://www.akc.org/dog-breeds/bull-terrier/,AKC,USA,Bull Terrier
Bulldog,https://www.akc.org/dog-breeds/bulldog/,AKC,USA,Bulldog
Bullmastiff,https://www.akc.org/dog-breeds/bullmastiff/,AKC,USA,Bullmastiff
Cairn Terrier,https://www.akc.org/dog-breeds/cairn-terrier/,AKC,USA,Cairn Terrier
Canaan Dog,https://www.akc.org/dog-breeds/canaan-dog/,AKC,USA,Canaan Dog
Cane Corso,https://www.akc.org/dog-breeds/cane-corso/,AKC,USA,Cane Corso
Cardigan Welsh Corgi,https://www.akc.org/dog-breeds/cardigan-welsh-corgi/,AKC,USA,Cardigan Welsh Corgi
Carolina Dog,https://www.akc.org/dog-breeds/carolina-dog/,AKC,USA,Carolina Dog
Catahoula Leopard Dog,https://www.akc.org/dog-breeds/catahoula-leopard-dog/,AKC,USA,Catahoula Leopard Dog
Caucasian Shepherd Dog,https://www.akc.org/dog-breeds/caucasian-shepherd-dog/,AKC,USA,Caucasian Shepherd Dog
Cavalier King Charles Spaniel,https://www.akc.org/dog-breeds/cavalier-king-charles-spaniel/,AKC,USA,Cavalier King Charles Spaniel
Central Asian Shepherd Dog,https://www.akc.org/dog-breeds/central-asian-shepherd-dog/,AKC,USA,Central Asian Shepherd Dog
Cesky Terrier,https://www.akc.org/dog-breeds/cesky-terrier/,AKC,USA,Cesky Terrier
Chesapeake Bay Retriever,https://www.akc.org/dog-breeds/chesapeake-bay-retriever/,AKC,USA,Chesapeake Bay Retriever
Chihuahua,https://www.akc.org/dog-breeds/chihuahua/,AKC,USA,Chihuahua
Chinese Crested,https://www.akc.org/dog-breeds/chinese-crested/,AKC,USA,Chinese Crested
Chinese Shar-Pei,https://www.akc.org/dog-breeds/chinese-shar-pei/,AKC,USA,Chinese Shar-Pei
Chinook,https://www.akc.org/dog-breeds/chinook/,AKC,USA,Chinook
Chow Chow,https://www.akc.org/dog-breeds/chow-chow/,AKC,USA,Chow Chow
Cirneco dell’Etna,https://www.akc.org/dog-breeds/cirneco-delletna/,AKC,USA,Cirneco dell’Etna
Clumber Spaniel,https://www.akc.org/dog-breeds/clumber-spaniel/,AKC,USA,Clumber Spaniel
Cocker Spaniel,https://www.akc.org/dog-breeds/cocker-spaniel/,AKC,USA,Cocker Spaniel
Collie,https://www.akc.org/dog-breeds/collie/,AKC,USA,Collie
Coton de Tulear,https://www.akc.org/dog-breeds/coton-de-tulear/,AKC,USA,Coton de Tulear
Croatian Sheepdog,https://www.akc.org/dog-breeds/croatian-sheepdog/,AKC,USA,Croatian Sheepdog
Curly-Coated Retriever,https://www.akc.org/dog-breeds/curly-coated-retriever/,AKC,USA,Curly-Coated Retriever
Czechoslovakian Vlcak,https://www.akc.org/dog-breeds/czechoslovakian-vlcak/,AKC,USA,Czechoslovakian Vlcak
Dachshund,https://www.akc.org/dog-breeds/dachshund/,AKC,USA,Dachshund
Dalmatian,https://www.akc.org/dog-breeds/dalmatian/,AKC,USA,Dalmatian
Dandie Dinmont Terrier,https://www.akc.org/dog-breeds/dandie-dinmont-terrier/,AKC,USA,Dandie Dinmont Terrier
Danish-Swedish Farmdog,https://www.akc.org/dog-breeds/danish-swedish-farmdog/,AKC,USA,Danish-Swedish Farmdog
Deutscher Wachtelhund,https://www.akc.org/dog-breeds/deutscher-wachtelhund/,AKC,USA,Deutscher Wachtelhund
Doberman Pinscher,https://www.akc.org/dog-breeds/doberman-pinscher/,AKC,USA,Doberman Pinscher
Dogo Argentino,https://www.akc.org/dog-breeds/dogo-argentino/,AKC,USA,Dogo Argentino
Dogue de Bordeaux,https://www.akc.org/dog-breeds/dogue-de-bordeaux/,AKC,USA,Dogue de Bordeaux
Drentsche Patrijshond,https://www.akc.org/dog-breeds/drentsche-patrijshond/,AKC,USA,Drentsche Patrijshond
Drever,https://www.akc.org/dog-breeds/drever/,AKC,USA,Drever
Dutch Shepherd,https://www.akc.org/dog-breeds/dutch-shepherd/,AKC,USA,Dutch Shepherd
English Cocker Spaniel,https://www.akc.org/dog-breeds/english-cocker-spaniel/,AKC,USA,English Cocker Spaniel
English Foxhound,https://www.akc.org/dog-breeds/english-foxhound/,AKC,USA,English Foxhound
English Setter,https://www.akc.org/dog-breeds/english-setter/,AKC,USA,English Setter
English Springer Spaniel,https://www.akc.org/dog-breeds/english-springer-spaniel/,AKC,USA,English Springer Spaniel
English Toy Spaniel,https://www.akc.org/dog-breeds/english-toy-spaniel/,AKC,USA,English Toy Spaniel
Entlebucher Mountain Dog,https://www.akc.org/dog-breeds/entlebucher-mountain-dog/,AKC,USA,Entlebucher Mountain Dog
Estrela Mountain Dog,https://www.akc.org/dog-breeds/estrela-mountain-dog/,AKC,USA,Estrela Mountain Dog
Eurasier,https://www.akc.org/dog-breeds/eurasier/,AKC,USA,Eurasier
Field Spaniel,https://www.akc.org/dog-breeds/field-spaniel/,AKC,USA,Field Spaniel
Finnish Lapphund,https://www.akc.org/dog-breeds/finnish-lapphund/,AKC,USA,Finnish Lapphund
Finnish Spitz,https://www.akc.org/dog-breeds/finnish-spitz/,AKC,USA,Finnish Spitz
Flat-Coated Retriever,https://www.akc.org/dog-breeds/flat-coated-retriever/,AKC,USA,Flat-Coated Retriever
French Bulldog,https://www.akc.org/dog-breeds/french-bulldog/,AKC,USA,French Bulldog
French Spaniel,https://www.akc.org/dog-breeds/french-spaniel/,AKC,USA,French Spaniel
German Longhaired Pointer,https://www.akc.org/dog-breeds/german-longhaired-pointer/,AKC,USA,German Longhaired Pointer
German Pinscher,https://www.akc.org/dog-breeds/german-pinscher/,AKC,USA,German Pinscher
German Shepherd Dog,https://www.akc.org/dog-breeds/german-shepherd-dog/,AKC,USA,German Shepherd Dog
German Shorthaired Pointer,https://www.akc.org/dog-breeds/german-shorthaired-pointer/,AKC,USA,German Shorthaired Pointer
German Spitz,https://www.akc.org/dog-breeds/german-spitz/,AKC,USA,German Spitz
German Wirehaired Pointer,https://www.akc.org/dog-breeds/german-wirehaired-pointer/,AKC,USA,German Wirehaired Pointer
Giant Schnauzer,https://www.akc.org/dog-breeds/giant-schnauzer/,AKC,USA,Giant Schnauzer
Glen of Imaal Terrier,https://www.akc.org/dog-breeds/glen-of-imaal-terrier/,AKC,USA,Glen of Imaal Terrier
Golden Retriever,https://www.akc.org/dog-breeds/golden-retriever/,AKC,USA,Golden Retriever
Gordon Setter,https://www.akc.org/dog-breeds/gordon-setter/,AKC,USA,Gordon Setter
Grand Basset Griffon Vendéen,https://www.akc.org/dog-breeds/grand-basset-griffon-vendeen/,AKC,USA,Grand Basset Griffon Vendéen
Great Dane,https://www.akc.org/dog-breeds/great-dane/,AKC,USA,Great Dane
Great Pyrenees,https://www.akc.org/dog-breeds/great-pyrenees/,AKC,USA,Great Pyrenees
Greater Swiss Mountain Dog,https://www.akc.org/dog-breeds/greater-swiss-mountain-dog/,AKC,USA,Greater Swiss Mountain Dog
Greyhound,https://www.akc.org/dog-breeds/greyhound/,AKC,USA,Greyhound
Hamiltonstovare,https://www.akc.org/dog-breeds/hamiltonstovare/,AKC,USA,Hamiltonstovare
Hanoverian Scenthound,https://www.akc.org/dog-breeds/hanoverian-scenthound/,AKC,USA,Hanoverian Scenthound
Harrier,https://www.akc.org/dog-breeds/harrier/,AKC,USA,Harrier
Havanese,https://www.akc.org/dog-breeds/havanese/,AKC,USA,Havanese
Hokkaido,https://www.akc.org/dog-breeds/hokkaido/,AKC,USA,Hokkaido
Hovawart,https://www.akc.org/dog-breeds/hovawart/,AKC,USA,Hovawart
Ibizan Hound,https://www.akc.org/dog-breeds/ibizan-hound/,AKC,USA,Ibizan Hound
Icelandic Sheepdog,https://www.akc.org/dog-breeds/icelandic-sheepdog/,AKC,USA,Icelandic Sheepdog
Irish Red and White Setter,https://www.akc.org/dog-breeds/irish-red-and-white-setter/,AKC,USA,Irish Red and White Setter
Irish Setter,https://www.akc.org/dog-breeds/irish-setter/,AKC,USA,Irish Setter
Irish Terrier,https://www.akc.org/dog-breeds/irish-terrier/,AKC,USA,Irish Terrier
Irish Water Spaniel,https://www.akc.org/dog-breeds/irish-water-spaniel/,AKC,USA,Irish Water Spaniel
Irish Wolfhound,https://www.akc.org/dog-breeds/irish-wolfhound/,AKC,USA,Irish Wolfhound
Italian Greyhound,https://www.akc.org/dog-breeds/italian-greyhound/,AKC,USA,Italian Greyhound
Jagdterrier,https://www.akc.org/dog-breeds/jagdterrier/,AKC,USA,Jagdterrier
Japanese Akitainu,https://www.akc.org/dog-breeds/japanese-akitainu/,AKC,USA,Japanese Akitainu
Japanese Chin,https://www.akc.org/dog-breeds/japanese-chin/,AKC,USA,Japanese Chin
Japanese Spitz,https://www.akc.org/dog-breeds/japanese-spitz/,AKC,USA,Japanese Spitz
Japanese Terrier,https://www.akc.org/dog-breeds/japanese-terrier/,AKC,USA,Japanese Terrier
Jindo,https://www.akc.org/dog-breeds/jindo/,AKC,USA,Jindo
Kai Ken,https://www.akc.org/dog-breeds/kai-ken/,AKC,USA,Kai Ken
Karelian Bear Dog,https://www.akc.org/dog-breeds/karelian-bear-dog/,AKC,USA,Karelian Bear Dog
Keeshond,https://www.akc.org/dog-breeds/keeshond/,AKC,USA,Keeshond
Kerry Blue Terrier,https://www.akc.org/dog-breeds/kerry-blue-terrier/,AKC,USA,Kerry Blue Terrier
Kishu Ken,https://www.akc.org/dog-breeds/kishu-ken/,AKC,USA,Kishu Ken
Komondor,https://www.akc.org/dog-breeds/komondor/,AKC,USA,Komondor
Kromfohrlander,https://www.akc.org/dog-breeds/kromfohrlander/,AKC,USA,Kromfohrlander
Kuvasz,https://www.akc.org/dog-breeds/kuvasz/,AKC,USA,Kuvasz
Labrador Retriever,https://www.akc.org/dog-breeds/labrador-retriever/,AKC,USA,Labrador Retriever
Lagotto Romagnolo,https://www.akc.org/dog-breeds/lagotto-romagnolo/,AKC,USA,Lagotto Romagnolo
Lakeland Terrier,https://www.akc.org/dog-breeds/lakeland-terrier/,AKC,USA,Lakeland Terrier
Lancashire Heeler,https://www.akc.org/dog-breeds/lancashire-heeler/,AKC,USA,Lancashire Heeler
Lapponian Herder,https://www.akc.org/dog-breeds/lapponian-herder/,AKC,USA,Lapponian Herder
Leonberger,https://www.akc.org/dog-breeds/leonberger/,AKC,USA,Leonberger
Lhasa Apso,https://www.akc.org/dog-breeds/lhasa-apso/,AKC,USA,Lhasa Apso
Löwchen,https://www.akc.org/dog-breeds/lowchen/,AKC,USA,Löwchen
Maltese,https://www.akc.org/dog-breeds/maltese/,AKC,USA,Maltese
Manchester Terrier (Standard),https://www.akc.org/dog-breeds/manchester-terrier-standard/,AKC,USA,Manchester Terrier (Standard)
Manchester Terrier (Toy),https://www.akc.org/dog-breeds/manchester-terrier-toy/,AKC,USA,Manchester Terrier (Toy)
Mastiff,https://www.akc.org/dog-breeds/mastiff/,AKC,USA,Mastiff
Miniature American Shepherd,https://www.akc.org/dog-breeds/miniature-american-shepherd/,AKC,USA,Miniature American Shepherd
Miniature Bull Terrier,https://www.akc.org/dog-breeds/miniature-bull-terrier/,AKC,USA,Miniature Bull Terrier
Miniature Pinscher,https://www.akc.org/dog-breeds/miniature-pinscher/,AKC,USA,Miniature Pinscher
Miniature Schnauzer,https://www.akc.org/dog-breeds/miniature-schnauzer/,AKC,USA,Miniature Schnauzer
Mountain Cur,https://www.akc.org/dog-breeds/mountain-cur/,AKC,USA,Mountain Cur
Mudi,https://www.akc.org/dog-breeds/mudi/,AKC,USA,Mudi
Neapolitan Mastiff,https://www.akc.org/dog-breeds/neapolitan-mastiff/,AKC,USA,Neapolitan Mastiff
Nederlandse Kooikerhondje,https://www.akc.org/dog-breeds/nederlandse-kooikerhondje/,AKC,USA,Nederlandse Kooikerhondje
Newfoundland,https://www.akc.org/dog-breeds/newfoundland/,AKC,USA,Newfoundland
Norfolk Terrier,https://www.akc.org/dog-breeds/norfolk-terrier/,AKC,USA,Norfolk Terrier
Norrbottenspets,https://www.akc.org/dog-breeds/norrbottenspets/,AKC,USA,Norrbottenspets
Norwegian Buhund,https://www.akc.org/dog-breeds/norwegian-buhund/,AKC,USA,Norwegian Buhund
Norwegian Elkhound,https://www.akc.org/dog-breeds/norwegian-elkhound/,AKC,USA,Norwegian Elkhound
Norwegian Lundehund,https://www.akc.org/dog-breeds/norwegian-lundehund/,AKC,USA,Norwegian Lundehund
Norwich Terrier,https://www.akc.org/dog-breeds/norwich-terrier/,AKC,USA,Norwich Terrier
Nova Scotia Duck Tolling Retriever,https://www.akc.org/dog-breeds/nova-scotia-duck-tolling-retriever/,AKC,USA,Nova Scotia Duck Tolling Retriever
Old English Sheepdog,https://www.akc.org/dog-breeds/old-english-sheepdog/,AKC,USA,Old English Sheepdog
Otterhound,https://www.akc.org/dog-breeds/otterhound/,AKC,USA,Otterhound
Papillon,https://www.akc.org/dog-breeds/papillon/,AKC,USA,Papillon
Parson Russell Terrier,https://www.akc.org/dog-breeds/parson-russell-terrier/,AKC,USA,Parson Russell Terrier
Pekingese,https://www.akc.org/dog-breeds/pekingese/,AKC,USA,Pekingese
Pembroke Welsh Corgi,https://www.akc.org/dog-breeds/pembroke-welsh-corgi/,AKC,USA,Pembroke Welsh Corgi
Perro de Presa Canario,https://www.akc.org/dog-breeds/perro-de-presa-canario/,AKC,USA,Perro de Presa Canario
Peruvian Inca Orchid,https://www.akc.org/dog-breeds/peruvian-inca-orchid/,AKC,USA,Peruvian Inca Orchid
Petit Basset Griffon Vendéen,https://www.akc.org/dog-breeds/petit-basset-griffon-vendeen/,AKC,USA,Petit Basset Griffon Vendéen
Pharaoh Hound,https://www.akc.org/dog-breeds/pharaoh-hound/,AKC,USA,Pharaoh Hound
Plott Hound,https://www.akc.org/dog-breeds/plott-hound/,AKC,USA,Plott Hound
Pointer,https://www.akc.org/dog-breeds/pointer/,AKC,USA,Pointer
Polish Lowland Sheepdog,https://www.akc.org/dog-breeds/polish-lowland-sheepdog/,AKC,USA,Polish Lowland Sheepdog
Pomeranian,https://www.akc.org/dog-breeds/pomeranian/,AKC,USA,Pomeranian
Poodle (Miniature),https://www.akc.org/dog-breeds/poodle-miniature/,AKC,USA,Poodle (Miniature)
Poodle (Standard),https://www.akc.org/dog-breeds/poodle-standard/,AKC,USA,Poodle (Standard)
Poodle (Toy),https://www.akc.org/dog-breeds/poodle-toy/,AKC,USA,Poodle (Toy)
Porcelaine,https://www.akc.org/dog-breeds/porcelaine/,AKC,USA,Porcelaine
Portuguese Podengo,https://www.akc.org/dog-breeds/portuguese-podengo/,AKC,USA,Portuguese Podengo
Portuguese Podengo Pequeno,https://www.akc.org/dog-breeds/portuguese-podengo-pequeno/,AKC,USA,Portuguese Podengo Pequeno
Portuguese Pointer,https://www.akc.org/dog-breeds/portuguese-pointer/,AKC,USA,Portuguese Pointer
Portuguese Sheepdog,https://www.akc.org/dog-breeds/portuguese-sheepdog/,AKC,USA,Portuguese Sheepdog
Portuguese Water Dog,https://www.akc.org/dog-breeds/portuguese-water-dog/,AKC,USA,Portuguese Water Dog
Pudelpointer,https://www.akc.org/dog-breeds/pudelpointer/,AKC,USA,Pudelpointer
Pug,https://www.akc.org/dog-breeds/pug/,AKC,USA,Pug
Puli,https://www.akc.org/dog-breeds/puli/,AKC,USA,Puli
Pumi,https://www.akc.org/dog-breeds/pumi/,AKC,USA,Pumi
Pyrenean Mastiff,https://www.akc.org/dog-breeds/pyrenean-mastiff/,AKC,USA,Pyrenean Mastiff
Pyrenean Shepherd,https://www.akc.org/dog-breeds/pyrenean-shepherd/,AKC,USA,Pyrenean Shepherd
Rafeiro do Alentejo,https://www.akc.org/dog-breeds/rafeiro-do-alentejo/,AKC,USA,Rafeiro do Alentejo
Rat Terrier,https://www.akc.org/dog-breeds/rat-terrier/,AKC,USA,Rat Terrier
Redbone Coonhound,https://www.akc.org/dog-breeds/redbone-coonhound/,AKC,USA,Redbone Coonhound
Rhodesian Ridgeback,https://www.akc.org/dog-breeds/rhodesian-ridgeback/,AKC,USA,Rhodesian Ridgeback
Romanian Carpathian Shepherd,https://www.akc.org/dog-breeds/romanian-carpathian-shepherd/,AKC,USA,Romanian Carpathian Shepherd
Romanian Mioritic Shepherd Dog,https://www.akc.org/dog-breeds/romanian-mioritic-shepherd-dog/,AKC,USA,Romanian Mioritic Shepherd Dog
Rottweiler,https://www.akc.org/dog-breeds/rottweiler/,AKC,USA,Rottweiler
Russell Terrier,https://www.akc.org/dog-breeds/russell-terrier/,AKC,USA,Russell Terrier
Russian Toy,https://www.akc.org/dog-breeds/russian-toy/,AKC,USA,Russian Toy
Russian Tsvetnaya Bolonka,https://www.akc.org/dog-breeds/russian-tsvetnaya-bolonka/,AKC,USA,Russian Tsvetnaya Bolonka
Saint Bernard,https://www.akc.org/dog-breeds/st-bernard/,AKC,USA,Saint Bernard
Saluki,https://www.akc.org/dog-breeds/saluki/,AKC,USA,Saluki
Samoyed,https://www.akc.org/dog-breeds/samoyed/,AKC,USA,Samoyed
Schapendoes,https://www.akc.org/dog-breeds/schapendoes/,AKC,USA,Schapendoes
Schipperke,https://www.akc.org/dog-breeds/schipperke/,AKC,USA,Schipperke
Scottish Deerhound,https://www.akc.org/dog-breeds/scottish-deerhound/,AKC,USA,Scottish Deerhound
Scottish Terrier,https://www.akc.org/dog-breeds/scottish-terrier/,AKC,USA,Scottish Terrier
Sealyham Terrier,https://www.akc.org/dog-breeds/sealyham-terrier/,AKC,USA,Sealyham Terrier
Segugio Italiano,https://www.akc.org/dog-breeds/segugio-italiano/,AKC,USA,Segugio Italiano
Shetland Sheepdog,https://www.akc.org/dog-breeds/shetland-sheepdog/,AKC,USA,Shetland Sheepdog
Shiba Inu,https://www.akc.org/dog-breeds/shiba-inu/,AKC,USA,Shiba Inu
Shih Tzu,https://www.akc.org/dog-breeds/shih-tzu/,AKC,USA,Shih Tzu
Shikoku,https://www.akc.org/dog-breeds/shikoku/,AKC,USA,Shikoku
Siberian Husky,https://www.akc.org/dog-breeds/siberian-husky/,AKC,USA,Siberian Husky
Silky Terrier,https://www.akc.org/dog-breeds/silky-terrier/,AKC,USA,Silky Terrier
Skye Terrier,https://www.akc.org/dog-breeds/skye-terrier/,AKC,USA,Skye Terrier
Sloughi,https://www.akc.org/dog-breeds/sloughi/,AKC,USA,Sloughi
Slovakian Wirehaired Pointer,https://www.akc.org/dog-breeds/slovakian-wirehaired-pointer/,AKC,USA,Slovakian Wirehaired Pointer
Slovensky Cuvac,https://www.akc.org/dog-breeds/slovensky-cuvac/,AKC,USA,Slovensky Cuvac
Slovensky Kopov,https://www.akc.org/dog-breeds/slovensky-kopov/,AKC,USA,Slovensky Kopov
Small Munsterlander,https://www.akc.org/dog-breeds/small-munsterlander/,AKC,USA,Small Munsterlander
Smooth Fox Terrier,https://www.akc.org/dog-breeds/smooth-fox-terrier/,AKC,USA,Smooth Fox Terrier
Soft Coated Wheaten Terrier,https://www.akc.org/dog-breeds/soft-coated-wheaten-terrier/,AKC,USA,Soft Coated Wheaten Terrier
Spanish Mastiff,https://www.akc.org/dog-breeds/spanish-mastiff/,AKC,USA,Spanish Mastiff
Spanish Water Dog,https://www.akc.org/dog-breeds/spanish-water-dog/,AKC,USA,Spanish Water Dog
Spinone Italiano,https://www.akc.org/dog-breeds/spinone-italiano/,AKC,USA,Spinone Italiano
Stabyhoun,https://www.akc.org/dog-breeds/stabyhoun/,AKC,USA,Stabyhoun
Staffordshire Bull Terrier,https://www.akc.org/dog-breeds/staffordshire-bull-terrier/,AKC,USA,Staffordshire Bull Terrier
Standard Schnauzer,https://www.akc.org/dog-breeds/standard-schnauzer/,AKC,USA,Standard Schnauzer
Sussex Spaniel,https://www.akc.org/dog-breeds/sussex-spaniel/,AKC,USA,Sussex Spaniel
Swedish Lapphund,https://www.akc.org/dog-breeds/swedish-lapphund/,AKC,USA,Swedish Lapphund
Swedish Vallhund,https://www.akc.org/dog-breeds/swedish-vallhund/,AKC,USA,Swedish Vallhund
Taiwan Dog,https://www.akc.org/dog-breeds/taiwan-dog/,AKC,USA,Taiwan Dog
Teddy Roosevelt Terrier,https://www.akc.org/dog-breeds/teddy-roosevelt-terrier/,AKC,USA,Teddy Roosevelt Terrier
Thai Ridgeback,https://www.akc.org/dog-breeds/thai-ridgeback/,AKC,USA,Thai Ridgeback
Tibetan Mastiff,https://www.akc.org/dog-breeds/tibetan-mastiff/,AKC,USA,Tibetan Mastiff
Tibetan Spaniel,https://www.akc.org/dog-breeds/tibetan-spaniel/,AKC,USA,Tibetan Spaniel
Tibetan Terrier,https://www.akc.org/dog-breeds/tibetan-terrier/,AKC,USA,Tibetan Terrier
Tornjak,https://www.akc.org/dog-breeds/tornjak/,AKC,USA,Tornjak
Tosa,https://www.akc.org/dog-breeds/tosa/,AKC,USA,Tosa
Toy Fox Terrier,https://www.akc.org/dog-breeds/toy-fox-terrier/,AKC,USA,Toy Fox Terrier
Transylvanian Hound,https://www.akc.org/dog-breeds/transylvanian-hound/,AKC,USA,Transylvanian Hound
Treeing Tennessee Brindle,https://www.akc.org/dog-breeds/treeing-tennessee-brindle/,AKC,USA,Treeing Tennessee Brindle
Treeing Walker Coonhound,https://www.akc.org/dog-breeds/treeing-walker-coonhound/,AKC,USA,Treeing Walker Coonhound
Vizsla,https://www.akc.org/dog-breeds/vizsla/,AKC,USA,Vizsla
Volpino Italiano,https://www.akc.org/dog-breeds/volpino-italiano/,AKC,USA,Volpino Italiano
Weimaraner,https://www.akc.org/dog-breeds/weimaraner/,AKC,USA,Weimaraner
Welsh Springer Spaniel,https://www.akc.org/dog-breeds/welsh-springer-spaniel/,AKC,USA,Welsh Springer Spaniel
Welsh Terrier,https://www.akc.org/dog-breeds/welsh-terrier/,AKC,USA,Welsh Terrier
West Highland White Terrier,https://www.akc.org/dog-breeds/west-highland-white-terrier/,AKC,USA,West Highland White Terrier
Wetterhoun,https://www.akc.org/dog-breeds/wetterhoun/,AKC,USA,Wetterhoun
Whippet,https://www.akc.org/dog-breeds/whippet/,AKC,USA,Whippet
Wire Fox Terrier,https://www.akc.org/dog-breeds/wire-fox-terrier/,AKC,USA,Wire Fox Terrier
Wirehaired Pointing Griffon,https://www.akc.org/dog-breeds/wirehaired-pointing-griffon/,AKC,USA,Wirehaired Pointing Griffon
Wirehaired Vizsla,https://www.akc.org/dog-breeds/wirehaired-vizsla/,AKC,USA,Wirehaired Vizsla
Working Kelpie,https://www.akc.org/dog-breeds/working-kelpie/,AKC,USA,Working Kelpie
Xoloitzcuintli,https://www.akc.org/dog-breeds/xoloitzcuintli/,AKC,USA,Xoloitzcuintli
Yakutian Laika,https://www.akc.org/dog-breeds/yakutian-laika/,AKC,USA,Yakutian Laika
Yorkshire Terrier,https://www.akc.org/dog-breeds/yorkshire-terrier/,AKC,USA,Yorkshire Terrier
Companion Dog,https://www.ukcdogs.com/#category_id_1,UKC,USA,Companion Dog
Affenpinscher,https://www.ukcdogs.com/affenpinscher,UKC,USA,Affenpinscher
American Bully,https://www.ukcdogs.com/american-bully,UKC,USA,American Bully
Bichon Frise,https://www.ukcdogs.com/bichon-frise,UKC,USA,Bichon Frise
Biewer Terrier,https://www.ukcdogs.com/biewer-terrier,UKC,USA,Biewer Terrier
Bolognese,https://www.ukcdogs.com/bolognese,UKC,USA,Bolognese
Boston Terrier,https://www.ukcdogs.com/boston-terrier,UKC,USA,Boston Terrier
Brussels Griffon,https://www.ukcdogs.com/brussels-griffon,UKC,USA,Brussels Griffon
Cavalier King Charles Spaniel,https://www.ukcdogs.com/cavalier-king-charles-spaniel,UKC,USA,Cavalier King Charles Spaniel
Chihuahua,https://www.ukcdogs.com/chihuahua,UKC,USA,Chihuahua
Chinese Crested,https://www.ukcdogs.com/chinese-crested,UKC,USA,Chinese Crested
Coton De Tulear,https://www.ukcdogs.com/coton-de-tulear,UKC,USA,Coton De Tulear
Dalmatian,https://www.ukcdogs.com/dalmatian,UKC,USA,Dalmatian
English Bulldog,https://www.ukcdogs.com/english-bulldog,UKC,USA,English Bulldog
English Toy Spaniel,https://www.ukcdogs.com/english-toy-spaniel,UKC,USA,English Toy Spaniel
French Bulldog,https://www.ukcdogs.com/french-bulldog,UKC,USA,French Bulldog
Havanese,https://www.ukcdogs.com/havanese,UKC,USA,Havanese
Italian Greyhound,https://www.ukcdogs.com/italian-greyhound,UKC,USA,Italian Greyhound
Japanese Chin,https://www.ukcdogs.com/japanese-chin,UKC,USA,Japanese Chin
Kromfohrlander,https://www.ukcdogs.com/kromfohrlander,UKC,USA,Kromfohrlander
Lhasa Apso,https://www.ukcdogs.com/lhasa-apso,UKC,USA,Lhasa Apso
Lowchen,https://www.ukcdogs.com/lowchen,UKC,USA,Lowchen
Maltese,https://www.ukcdogs.com/maltese,UKC,USA,Maltese
Mi-Ki,https://www.ukcdogs.com/mi-ki,UKC,USA,Mi-Ki
Miniature Pinscher,https://www.ukcdogs.com/miniature-pinscher,UKC,USA,Miniature Pinscher
Multi-Colored Poodle,https://www.ukcdogs.com/multi-colored-poodle,UKC,USA,Multi-Colored Poodle
Papillon,https://www.ukcdogs.com/papillon,UKC,USA,Papillon
Pekingese,https://www.ukcdogs.com/pekingese,UKC,USA,Pekingese
Pomeranian,https://www.ukcdogs.com/pomeranian,UKC,USA,Pomeranian
Poodle,https://www.ukcdogs.com/poodle,UKC,USA,Poodle
Pug,https://www.ukcdogs.com/pug,UKC,USA,Pug
Russkiy Toy,https://www.ukcdogs.com/russkiy-toy,UKC,USA,Russkiy Toy
Schipperke,https://www.ukcdogs.com/schipperke,UKC,USA,Schipperke
Shih Tzu,https://www.ukcdogs.com/shih-tzu,UKC,USA,Shih Tzu
Tibetan Spaniel,https://www.ukcdogs.com/tibetan-spaniel,UKC,USA,Tibetan Spaniel
Tibetan Terrier,https://www.ukcdogs.com/tibetan-terrier,UKC,USA,Tibetan Terrier
Yorkshire Terrier,https://www.ukcdogs.com/yorkshire-terrier,UKC,USA,Yorkshire Terrier
Guardian Dog,https://www.ukcdogs.com/#category_id_2,UKC,USA,Guardian Dog
Aidi (Atlas Mountain Dog),https://www.ukcdogs.com/atlas-mountain-dog,UKC,USA,Aidi (Atlas Mountain Dog)
Akbash Dog,https://www.ukcdogs.com/akbash,UKC,USA,Akbash Dog
Alentejo Mastiff,https://www.ukcdogs.com/alentejo-mastiff,UKC,USA,Alentejo Mastiff
American Bulldog,https://www.ukcdogs.com/american-bulldog,UKC,USA,American Bulldog
Anatolian Shepherd,https://www.ukcdogs.com/anatolian-shepherd,UKC,USA,Anatolian Shepherd
Appenzeller,https://www.ukcdogs.com/appenzeller,UKC,USA,Appenzeller
Bernese Mountain Dog,https://www.ukcdogs.com/bernese-mountain-dog,UKC,USA,Bernese Mountain Dog
Black Russian Terrier,https://www.ukcdogs.com/black-russian-terrier,UKC,USA,Black Russian Terrier
Boxer,https://www.ukcdogs.com/boxer,UKC,USA,Boxer
Bullmastiff,https://www.ukcdogs.com/bullmastiff,UKC,USA,Bullmastiff
Cane Corso Italiano,https://www.ukcdogs.com/cane-corso-italiano,UKC,USA,Cane Corso Italiano
Cao de Castro Laboreiro,https://www.ukcdogs.com/cao-de-castro-laboreiro,UKC,USA,Cao de Castro Laboreiro
Caucasian Ovcharka,https://www.ukcdogs.com/caucasian-ovcharka,UKC,USA,Caucasian Ovcharka
Central Asian Shepherd,https://www.ukcdogs.com/central-asian-shepherd-dog,UKC,USA,Central Asian Shepherd
Cimarron Uruguayo,https://www.ukcdogs.com/cimarron-uruguayo,UKC,USA,Cimarron Uruguayo
Ciobanesc Romanesc Carpatin,https://www.ukcdogs.com/romanian-carpathian-shepherd-dog,UKC,USA,Ciobanesc Romanesc Carpatin
Danish Broholmer,https://www.ukcdogs.com/danish-broholmer,UKC,USA,Danish Broholmer
Doberman Pinscher,https://www.ukcdogs.com/doberman-pinscher,UKC,USA,Doberman Pinscher
Dogo Argentino,https://www.ukcdogs.com/dogo-argentino,UKC,USA,Dogo Argentino
Dogue De Bordeaux,https://www.ukcdogs.com/dogue-de-bordeaux,UKC,USA,Dogue De Bordeaux
Entlebucher,https://www.ukcdogs.com/entlebucher,UKC,USA,Entlebucher
Estrela Mountain Dog,https://www.ukcdogs.com/estrela-mountain-dog,UKC,USA,Estrela Mountain Dog
Giant Schnauzer,https://www.ukcdogs.com/giant-schnauzer,UKC,USA,Giant Schnauzer
Great Dane,https://www.ukcdogs.com/great-dane,UKC,USA,Great Dane
Great Pyrenees,https://www.ukcdogs.com/great-pyrenees,UKC,USA,Great Pyrenees
Greater Swiss Mountain Dog,https://www.ukcdogs.com/greater-swiss-mountain-dog,UKC,USA,Greater Swiss Mountain Dog
Hovawart,https://www.ukcdogs.com/hovawart,UKC,USA,Hovawart
Kangal Dog,https://www.ukcdogs.com/kangal-dog,UKC,USA,Kangal Dog
Karst Shepherd Dog,https://www.ukcdogs.com/karst-shepherd-dog,UKC,USA,Karst Shepherd Dog
Komondor,https://www.ukcdogs.com/komondor,UKC,USA,Komondor
Kuvasz,https://www.ukcdogs.com/kuvasz,UKC,USA,Kuvasz
Leonberger,https://www.ukcdogs.com/leonberger,UKC,USA,Leonberger
Majorca Mastiff,https://www.ukcdogs.com/majorca-mastiff,UKC,USA,Majorca Mastiff
Maremma Sheepdog,https://www.ukcdogs.com/maremma-sheepdog,UKC,USA,Maremma Sheepdog
Mastiff,https://www.ukcdogs.com/mastiff,UKC,USA,Mastiff
Neapolitan Mastiff,https://www.ukcdogs.com/neapolitan-mastiff,UKC,USA,Neapolitan Mastiff
Newfoundland,https://www.ukcdogs.com/newfoundland,UKC,USA,Newfoundland
Olde English Bulldogge,https://www.ukcdogs.com/olde-english-bulldogge,UKC,USA,Olde English Bulldogge
Owczarek Podhalanski,https://www.ukcdogs.com/owczarek-podhalanski,UKC,USA,Owczarek Podhalanski
Perro De Presa Canario,https://www.ukcdogs.com/perro-de-presa-canario,UKC,USA,Perro De Presa Canario
Pyrenean Mastiff,https://www.ukcdogs.com/pyrenean-mastiff,UKC,USA,Pyrenean Mastiff
Rottweiler,https://www.ukcdogs.com/rottweiler,UKC,USA,Rottweiler
Saint Bernard,https://www.ukcdogs.com/saint-bernard,UKC,USA,Saint Bernard
Sarplaninac,https://www.ukcdogs.com/sarplaninac,UKC,USA,Sarplaninac
Slovac Cuvac,https://www.ukcdogs.com/slovac-cuvac,UKC,USA,Slovac Cuvac
South African Boerboel,https://www.ukcdogs.com/south-african-boerboel,UKC,USA,South African Boerboel
Spanish Mastiff,https://www.ukcdogs.com/spanish-mastiff,UKC,USA,Spanish Mastiff
Standard Schnauzer,https://www.ukcdogs.com/standard-schnauzer,UKC,USA,Standard Schnauzer
Tibetan Mastiff,https://www.ukcdogs.com/tibetan-mastiff,UKC,USA,Tibetan Mastiff
Tornjak,https://www.ukcdogs.com/tornjak,UKC,USA,Tornjak
Tosa Ken,https://www.ukcdogs.com/tosa-ken,UKC,USA,Tosa Ken
Gun Dog,https://www.ukcdogs.com/#category_id_3,UKC,USA,Gun Dog
American Water Spaniel,https://www.ukcdogs.com/american-water-spaniel,UKC,USA,American Water Spaniel
Barbet,https://www.ukcdogs.com/barbet,UKC,USA,Barbet
Boykin Spaniel,https://www.ukcdogs.com/boykin-spaniel,UKC,USA,Boykin Spaniel
Bracco Italiano,https://www.ukcdogs.com/bracco-italiano,UKC,USA,Bracco Italiano
Braque D'Auvergne,https://www.ukcdogs.com/braque-d--auvergne,UKC,USA,Braque D'Auvergne
Braque de l'Ariege,https://www.ukcdogs.com/braque-de-l-ariege,UKC,USA,Braque de l'Ariege
Braque Du Bourbonnais,https://www.ukcdogs.com/braque-du-bourbonnais,UKC,USA,Braque Du Bourbonnais
"Braque Francais, de Grande Taille",https://www.ukcdogs.com/braque-francais-de-grande-taille,UKC,USA,"Braque Francais, de Grande Taille"
"Braque Francais, de Petite Taille",https://www.ukcdogs.com/braque-francais-de-petite-taille,UKC,USA,"Braque Francais, de Petite Taille"
Braque Saint Germain,https://www.ukcdogs.com/braque-saint-germain,UKC,USA,Braque Saint Germain
Brittany,https://www.ukcdogs.com/brittany,UKC,USA,Brittany
Cesky Fousek,https://www.ukcdogs.com/cesky-fousek,UKC,USA,Cesky Fousek
Chesapeake Bay Retriever,https://www.ukcdogs.com/chesapeake-bay-retriever,UKC,USA,Chesapeake Bay Retriever
Clumber Spaniel,https://www.ukcdogs.com/clumber-spaniel,UKC,USA,Clumber Spaniel
Cocker Spaniel,https://www.ukcdogs.com/cocker-spaniel,UKC,USA,Cocker Spaniel
Curly-Coated Retriever,https://www.ukcdogs.com/curly-coated-retriever,UKC,USA,Curly-Coated Retriever
Deutscher Wachtelhund (German Spaniel),https://www.ukcdogs.com/deutscher-wachtelhund,UKC,USA,Deutscher Wachtelhund (German Spaniel)
Drentse Patrijshond,https://www.ukcdogs.com/drentsche-patrijshond,UKC,USA,Drentse Patrijshond
English Cocker Spaniel,https://www.ukcdogs.com/english-cocker-spaniel,UKC,USA,English Cocker Spaniel
English Pointer,https://www.ukcdogs.com/english-pointer,UKC,USA,English Pointer
English Setter,https://www.ukcdogs.com/english-setter,UKC,USA,English Setter
English Springer Spaniel,https://www.ukcdogs.com/english-springer-spaniel,UKC,USA,English Springer Spaniel
Epagneul Bleu de Picardie,https://www.ukcdogs.com/epagneul-bleu-de-picardie,UKC,USA,Epagneul Bleu de Picardie
Epagneul Breton,https://www.ukcdogs.com/epagneul-breton,UKC,USA,Epagneul Breton
Epagneul de Pont-Audemer,https://www.ukcdogs.com/epagneul-pont-audemer,UKC,USA,Epagneul de Pont-Audemer
Epagneul Francais (French Spaniel),https://www.ukcdogs.com/epagneul-francais-french-spaniel,UKC,USA,Epagneul Francais (French Spaniel)
Epagneul Picard,https://www.ukcdogs.com/epagneul-picard,UKC,USA,Epagneul Picard
Field Spaniel,https://www.ukcdogs.com/field-spaniel,UKC,USA,Field Spaniel
Flat Coated Retriever,https://www.ukcdogs.com/flat-coated-retriever,UKC,USA,Flat Coated Retriever
Fresian Water Dog,https://www.ukcdogs.com/fresian-water-dog,UKC,USA,Fresian Water Dog
German Long Haired Pointer,https://www.ukcdogs.com/german-long-haired-pointer,UKC,USA,German Long Haired Pointer
German Rough Haired Pointer,https://www.ukcdogs.com/german-rough-haired-pointer,UKC,USA,German Rough Haired Pointer
German Shorthaired Pointer,https://www.ukcdogs.com/german-shorthaired-pointer,UKC,USA,German Shorthaired Pointer
German Wirehaired Pointer,https://www.ukcdogs.com/german-wirehaired-pointer,UKC,USA,German Wirehaired Pointer
Golden Retriever,https://www.ukcdogs.com/golden-retriever,UKC,USA,Golden Retriever
Gordon Setter,https://www.ukcdogs.com/gordon-setter,UKC,USA,Gordon Setter
Hungarian Wire-Haired Vizsla,https://www.ukcdogs.com/hungarian-wire-haired-vizsla,UKC,USA,Hungarian Wire-Haired Vizsla
Irish Red and White Setter,https://www.ukcdogs.com/irish-red-and-white-setter,UKC,USA,Irish Red and White Setter
Irish Setter,https://www.ukcdogs.com/irish-setter,UKC,USA,Irish Setter
Irish Water Spaniel,https://www.ukcdogs.com/irish-water-spaniel,UKC,USA,Irish Water Spaniel
Kooikerhondje,https://www.ukcdogs.com/kooikerhondje,UKC,USA,Kooikerhondje
Labrador Retriever,https://www.ukcdogs.com/labrador-retriever,UKC,USA,Labrador Retriever
Lagotto Romagnolo,https://www.ukcdogs.com/lagotto-romangnolo,UKC,USA,Lagotto Romagnolo
Large Munsterlander,https://www.ukcdogs.com/large-munsterlander,UKC,USA,Large Munsterlander
Multi-Colored Standard Poodle,https://www.ukcdogs.com/multi-colored-standard-poodle,UKC,USA,Multi-Colored Standard Poodle
Nova Scotia Duck Tolling Retriever,https://www.ukcdogs.com/nova-scotia-duck-tolling-retriever,UKC,USA,Nova Scotia Duck Tolling Retriever
Old Danish Pointing Dog,https://www.ukcdogs.com/old-danish-pointing-dog,UKC,USA,Old Danish Pointing Dog
Perdiguero de Burgos,https://www.ukcdogs.com/perdiguero-de-burgos,UKC,USA,Perdiguero de Burgos
Portuguese Pointer,https://www.ukcdogs.com/portuguese-pointer,UKC,USA,Portuguese Pointer
Portuguese Water Dog,https://www.ukcdogs.com/portuguese-water-dog,UKC,USA,Portuguese Water Dog
Pudelpointer,https://www.ukcdogs.com/pudelpointer,UKC,USA,Pudelpointer
Slovakian Wire-Haired Pointing Dog,https://www.ukcdogs.com/slovakian-wire-haired-pointed-dog,UKC,USA,Slovakian Wire-Haired Pointing Dog
Small Munsterlander,https://www.ukcdogs.com/small-munsterlander,UKC,USA,Small Munsterlander
Spinone Italiano,https://www.ukcdogs.com/spinone-italiano,UKC,USA,Spinone Italiano
Stabyhoun,https://www.ukcdogs.com/stabyhoun,UKC,USA,Stabyhoun
Standard Poodle,https://www.ukcdogs.com/standard-poodle,UKC,USA,Standard Poodle
Sussex Spaniel,https://www.ukcdogs.com/sussex-spaniel,UKC,USA,Sussex Spaniel
Vizsla,https://www.ukcdogs.com/vizsla,UKC,USA,Vizsla
Weimaraner,https://www.ukcdogs.com/weimaraner,UKC,USA,Weimaraner
Welsh Springer Spaniel,https://www.ukcdogs.com/welsh-springer-spaniel,UKC,USA,Welsh Springer Spaniel
Wirehaired Pointing Griffon,https://www.ukcdogs.com/wire-haired-pointing-griffon,UKC,USA,Wirehaired Pointing Griffon
Herding Dog,https://www.ukcdogs.com/#category_id_4,UKC,USA,Herding Dog
Australian Cattle Dog,https://www.ukcdogs.com/australian-cattle-dog,UKC,USA,Australian Cattle Dog
Australian Kelpie,https://www.ukcdogs.com/australian-kelpie,UKC,USA,Australian Kelpie
Australian Shepherd,https://www.ukcdogs.com/australian-shepherd,UKC,USA,Australian Shepherd
Bearded Collie,https://www.ukcdogs.com/bearded-collie,UKC,USA,Bearded Collie
Beauceron,https://www.ukcdogs.com/beauceron,UKC,USA,Beauceron
Belgian Shepherd Dog,https://www.ukcdogs.com/belgian-shepherd-dog,UKC,USA,Belgian Shepherd Dog
Bergamasco,https://www.ukcdogs.com/bergamasco,UKC,USA,Bergamasco
Berger Des Pyrenees,https://www.ukcdogs.com/berger-des-pyrenees,UKC,USA,Berger Des Pyrenees
Berger Picard,https://www.ukcdogs.com/berger-picard-,UKC,USA,Berger Picard
Border Collie,https://www.ukcdogs.com/border-collie,UKC,USA,Border Collie
Bouvier Des Ardennes,https://www.ukcdogs.com/bouvier-des-ardennes,UKC,USA,Bouvier Des Ardennes
Bouvier des Flandres,https://www.ukcdogs.com/bouvier-des-flandres,UKC,USA,Bouvier des Flandres
Briard,https://www.ukcdogs.com/briard,UKC,USA,Briard
Ca de Bestiar (Majorca Shepherd Dog),https://www.ukcdogs.com/ca-de-bestair-majorca-shepherd-dog,UKC,USA,Ca de Bestiar (Majorca Shepherd Dog)
Cardigan Welsh Corgi,https://www.ukcdogs.com/cardigan-welsh-corgi,UKC,USA,Cardigan Welsh Corgi
Catalonian Sheepdog,https://www.ukcdogs.com/catalonian-sheepdog,UKC,USA,Catalonian Sheepdog
Ciobanesc Romanesc Mioritic,https://www.ukcdogs.com/romanian-mioritic-shepherd-dog,UKC,USA,Ciobanesc Romanesc Mioritic
Collie,https://www.ukcdogs.com/collie,UKC,USA,Collie
Croatian Sheepdog,https://www.ukcdogs.com/croatian-sheepdog,UKC,USA,Croatian Sheepdog
Czechoslovakian Vlcak (Czechoslovakian Wolfdog),https://www.ukcdogs.com/czechoslovakian-vlcak,UKC,USA,Czechoslovakian Vlcak (Czechoslovakian Wolfdog)
Dutch Shepherd,https://www.ukcdogs.com/dutch-shepherd,UKC,USA,Dutch Shepherd
English Shepherd,https://www.ukcdogs.com/english-shepherd,UKC,USA,English Shepherd
German Shepherd Dog,https://www.ukcdogs.com/german-shepherd-dog,UKC,USA,German Shepherd Dog
Icelandic Sheepdog,https://www.ukcdogs.com/icelandic-sheepdog,UKC,USA,Icelandic Sheepdog
Lancashire Heeler,https://www.ukcdogs.com/lanchashire-heeler,UKC,USA,Lancashire Heeler
Lapinporokoira (Lapponian Herder),https://www.ukcdogs.com/lapinporokoira-lapponian-herder,UKC,USA,Lapinporokoira (Lapponian Herder)
Louisiana Catahoula Leopard Dog,https://www.ukcdogs.com/louisiana-catahoula-leopard-dog,UKC,USA,Louisiana Catahoula Leopard Dog
Miniature American Shepherd,https://www.ukcdogs.com/miniature-american-shepherd,UKC,USA,Miniature American Shepherd
Mudi,https://www.ukcdogs.com/mudi,UKC,USA,Mudi
Old English Sheepdog,https://www.ukcdogs.com/old-english-sheepdog,UKC,USA,Old English Sheepdog
Pembroke Welsh Corgi,https://www.ukcdogs.com/pembroke-welsh-corgi,UKC,USA,Pembroke Welsh Corgi
Polski Owczarek Nizinny (Polish Owczarek Nizinny),https://www.ukcdogs.com/polish-owczarek-nizinny-poliski-owczarek-nizinny,UKC,USA,Polski Owczarek Nizinny (Polish Owczarek Nizinny)
Portuguese Sheepdog,https://www.ukcdogs.com/portuguese-sheepdog,UKC,USA,Portuguese Sheepdog
Puli,https://www.ukcdogs.com/puli,UKC,USA,Puli
Pumi,https://www.ukcdogs.com/pumi,UKC,USA,Pumi
Saarloosewolfdog,https://www.ukcdogs.com/saarloosewolfdog,UKC,USA,Saarloosewolfdog
Schapendoes,https://www.ukcdogs.com/schapendoes,UKC,USA,Schapendoes
Shetland Sheepdog,https://www.ukcdogs.com/shetland-sheepdog,UKC,USA,Shetland Sheepdog
South Russian Shepherd Dog,https://www.ukcdogs.com/south-russian-shepherd-dog,UKC,USA,South Russian Shepherd Dog
Spanish Water Dog,https://www.ukcdogs.com/spanish-water-dog,UKC,USA,Spanish Water Dog
Stumpy Tail Cattle Dog,https://www.ukcdogs.com/stumpy-tail-cattle-dog,UKC,USA,Stumpy Tail Cattle Dog
Swedish Vallhund,https://www.ukcdogs.com/swedish-vallhund,UKC,USA,Swedish Vallhund
White Shepherd,https://www.ukcdogs.com/white-shepherd,UKC,USA,White Shepherd
Northern Breed,https://www.ukcdogs.com/#category_id_5,UKC,USA,Northern Breed
Akita,https://www.ukcdogs.com/akita,UKC,USA,Akita
Alaskan Klee Kai,https://www.ukcdogs.com/alaskan-klee-kai,UKC,USA,Alaskan Klee Kai
Alaskan Malamute,https://www.ukcdogs.com/alaskan-malamute,UKC,USA,Alaskan Malamute
American Eskimo,https://www.ukcdogs.com/american-eskimo,UKC,USA,American Eskimo
Canadian Eskimo Dog,https://www.ukcdogs.com/canadian-eskimo-dog,UKC,USA,Canadian Eskimo Dog
Chinese Shar-Pei,https://www.ukcdogs.com/chinese-shar-pei,UKC,USA,Chinese Shar-Pei
Chinook,https://www.ukcdogs.com/chinook,UKC,USA,Chinook
Chow Chow,https://www.ukcdogs.com/chow-chow,UKC,USA,Chow Chow
East Siberian Laika,https://www.ukcdogs.com/east-siberian-laika,UKC,USA,East Siberian Laika
Eurasian,https://www.ukcdogs.com/eurasier,UKC,USA,Eurasian
Finnish Lapphund,https://www.ukcdogs.com/finnish-lapphung,UKC,USA,Finnish Lapphund
Finnish Spitz,https://www.ukcdogs.com/finnish-spitz,UKC,USA,Finnish Spitz
German Spitz,https://www.ukcdogs.com/german-spitz,UKC,USA,German Spitz
Greenland Dog,https://www.ukcdogs.com/greenland-dog,UKC,USA,Greenland Dog
Hokkaido,https://www.ukcdogs.com/hokkaido-ainu,UKC,USA,Hokkaido
Japanese Akitainu,https://www.ukcdogs.com/japanese-akitainu,UKC,USA,Japanese Akitainu
Japanese Spitz,https://www.ukcdogs.com/japanese-spitz,UKC,USA,Japanese Spitz
Jindo,https://www.ukcdogs.com/jindo,UKC,USA,Jindo
Kai,https://www.ukcdogs.com/kai,UKC,USA,Kai
Karelian Bear Dog,https://www.ukcdogs.com/karelian-bear-dog,UKC,USA,Karelian Bear Dog
Keeshond,https://www.ukcdogs.com/keeshond,UKC,USA,Keeshond
Kishu,https://www.ukcdogs.com/kishu,UKC,USA,Kishu
Lundehund,https://www.ukcdogs.com/lundehund,UKC,USA,Lundehund
Norrbottenspetz,https://www.ukcdogs.com/norrbottenspetz,UKC,USA,Norrbottenspetz
Norwegian Buhund,https://www.ukcdogs.com/norwegian-buhund,UKC,USA,Norwegian Buhund
Norwegian Elkhound,https://www.ukcdogs.com/norwegian-elkhound,UKC,USA,Norwegian Elkhound
Russian-European Laika,https://www.ukcdogs.com/russian-euopean-laika,UKC,USA,Russian-European Laika
Samoyed,https://www.ukcdogs.com/samoyed,UKC,USA,Samoyed
Shiba,https://www.ukcdogs.com/shiba,UKC,USA,Shiba
Shikoku,https://www.ukcdogs.com/shikoku,UKC,USA,Shikoku
Siberian Husky,https://www.ukcdogs.com/siberian-husky,UKC,USA,Siberian Husky
Swedish Elkhound,https://www.ukcdogs.com/swedish-elkhound,UKC,USA,Swedish Elkhound
Swedish Lapphund,https://www.ukcdogs.com/swedish-lapphund,UKC,USA,Swedish Lapphund
Volpino Italiano,https://www.ukcdogs.com/volpino-italiano,UKC,USA,Volpino Italiano
West Siberian Laika,https://www.ukcdogs.com/west-siberian-laika,UKC,USA,West Siberian Laika
Scenthound,https://www.ukcdogs.com/#category_id_6,UKC,USA,Scenthound
Alpine Drachsbracke,https://www.ukcdogs.com/alpine-drachsbracke,UKC,USA,Alpine Drachsbracke
American Black & Tan Coonhound,https://www.ukcdogs.com/american-black-and-tan-coonhound,UKC,USA,American Black & Tan Coonhound
American Foxhound,https://www.ukcdogs.com/american-foxhound,UKC,USA,American Foxhound
American Leopard Hound,https://www.ukcdogs.com/american-leopard-hound-,UKC,USA,American Leopard Hound
Anglo-Francais de Petite Venerie,https://www.ukcdogs.com/anglo-francais-de-petite-venerie,UKC,USA,Anglo-Francais de Petite Venerie
Ariegeois,https://www.ukcdogs.com/ariegeois,UKC,USA,Ariegeois
Austrian Black and Tan Hound,https://www.ukcdogs.com/autrian-black-and-tan-hound,UKC,USA,Austrian Black and Tan Hound
Barak,https://www.ukcdogs.com/barak,UKC,USA,Barak
Basset Artesien Normand,https://www.ukcdogs.com/basset-artesien-normand,UKC,USA,Basset Artesien Normand
Basset Bleu De Gascogne,https://www.ukcdogs.com/basset-bleu-de-gascogne,UKC,USA,Basset Bleu De Gascogne
Basset Fauve De Bretagne,https://www.ukcdogs.com/basset-fauve-de-bretagne,UKC,USA,Basset Fauve De Bretagne
Basset Hound,https://www.ukcdogs.com/basset-hound,UKC,USA,Basset Hound
Bavarian Mountain Hound,https://www.ukcdogs.com/bavarian-mountain-hound,UKC,USA,Bavarian Mountain Hound
Beagle,https://www.ukcdogs.com/beagle,UKC,USA,Beagle
Beagle Harrier,https://www.ukcdogs.com/beagle-harrier,UKC,USA,Beagle Harrier
Billy,https://www.ukcdogs.com/billy,UKC,USA,Billy
Black Forest Hound (Slovakian Hound),https://www.ukcdogs.com/black-forest-hound-slovakian-hound,UKC,USA,Black Forest Hound (Slovakian Hound)
Black Mouth Cur,https://www.ukcdogs.com/black-mouth-cur,UKC,USA,Black Mouth Cur
Bloodhound,https://www.ukcdogs.com/bloodhound,UKC,USA,Bloodhound
Bluetick Coonhound,https://www.ukcdogs.com/bluetick-coonhound,UKC,USA,Bluetick Coonhound
Briquet Griffon Vendeen,https://www.ukcdogs.com/briquet-griffon-vendeen,UKC,USA,Briquet Griffon Vendeen
Chien d'Artois,https://www.ukcdogs.com/chien-d-artois,UKC,USA,Chien d'Artois
Chien Francais Blanc et Noir,https://www.ukcdogs.com/chien-francais-blanc-et-noir,UKC,USA,Chien Francais Blanc et Noir
Chien Francais Tricolore,https://www.ukcdogs.com/chien-francais-tricolore,UKC,USA,Chien Francais Tricolore
Dachshund,https://www.ukcdogs.com/dachshund,UKC,USA,Dachshund
Deutsche Bracke,https://www.ukcdogs.com/deutsche-bracke,UKC,USA,Deutsche Bracke
Drever,https://www.ukcdogs.com/drever,UKC,USA,Drever
Dunker,https://www.ukcdogs.com/dunker,UKC,USA,Dunker
English Coonhound,https://www.ukcdogs.com/enlgish-coonhound,UKC,USA,English Coonhound
English Foxhound,https://www.ukcdogs.com/english-foxhound,UKC,USA,English Foxhound
Finnish Hound,https://www.ukcdogs.com/finnish-hound,UKC,USA,Finnish Hound
Francais Blanc et Orange,https://www.ukcdogs.com/francais-blanc-et-orange,UKC,USA,Francais Blanc et Orange
Grand Basset Griffon Vendeen,https://www.ukcdogs.com/grand-basset-griffon-vendeen,UKC,USA,Grand Basset Griffon Vendeen
Grand Bleu De Gascogne,https://www.ukcdogs.com/grand-bleu-de-gascogne,UKC,USA,Grand Bleu De Gascogne
Grand Gascon-Saintongeois,https://www.ukcdogs.com/grand-gascon-saitongeois,UKC,USA,Grand Gascon-Saintongeois
Grand Griffon Vendeen,https://www.ukcdogs.com/grand-griffon-vendeen,UKC,USA,Grand Griffon Vendeen
Great Anglo-Francais Tricolor Hound,https://www.ukcdogs.com/great-algo-francais-tricolor-hound,UKC,USA,Great Anglo-Francais Tricolor Hound
Great Anglo-Francais White and Black Hound,https://www.ukcdogs.com/great-anglo-francais-white-and-black-hound,UKC,USA,Great Anglo-Francais White and Black Hound
Great Anglo-Francais White and Orange Hound,https://www.ukcdogs.com/great-anglo-francais-white-and-orange-hound,UKC,USA,Great Anglo-Francais White and Orange Hound
Griffon Bleu de Gascogne,https://www.ukcdogs.com/griffon-bleu-de-gascogne,UKC,USA,Griffon Bleu de Gascogne
Griffon Fauve de Bretagne,https://www.ukcdogs.com/griffon-fauve-de-bretagne,UKC,USA,Griffon Fauve de Bretagne
Griffon Nivernais,https://www.ukcdogs.com/griffon-nivernais,UKC,USA,Griffon Nivernais
Haldenstover (Halden Hound),https://www.ukcdogs.com/haldenstover-halden-hound,UKC,USA,Haldenstover (Halden Hound)
Hamiltonstovare,https://www.ukcdogs.com/hamiltonstovare-hamilton-hound,UKC,USA,Hamiltonstovare
Hanoverian Hound,https://www.ukcdogs.com/hanoverian-hound,UKC,USA,Hanoverian Hound
Harrier,https://www.ukcdogs.com/harrier,UKC,USA,Harrier
Hellenic Hound,https://www.ukcdogs.com/hellenic-hound,UKC,USA,Hellenic Hound
Hygen Hound,https://www.ukcdogs.com/hygen-hound,UKC,USA,Hygen Hound
Istrian Coarse-Haired Hound,https://www.ukcdogs.com/istrian-coarse-haired-hound,UKC,USA,Istrian Coarse-Haired Hound
Istrian Short-Haired Hound,https://www.ukcdogs.com/istrian-short-haired-hound,UKC,USA,Istrian Short-Haired Hound
Italian Hound,https://www.ukcdogs.com/italian-hound,UKC,USA,Italian Hound
Montenegrin Mountain Hound,https://www.ukcdogs.com/montenegrin-mountain-dog,UKC,USA,Montenegrin Mountain Hound
Mountain Cur,https://www.ukcdogs.com/mountain-cur,UKC,USA,Mountain Cur
Otterhound,https://www.ukcdogs.com/otterhound,UKC,USA,Otterhound
Petit Basset Griffon Vendeen,https://www.ukcdogs.com/petit-basset-griffon-vendeen,UKC,USA,Petit Basset Griffon Vendeen
Petit Bleu De Gascogne,https://www.ukcdogs.com/petit-bleu-de-gascogne,UKC,USA,Petit Bleu De Gascogne
Petit Gascon-Saintongeois,https://www.ukcdogs.com/petit-gascon-saintongeois,UKC,USA,Petit Gascon-Saintongeois
Plott Hound,https://www.ukcdogs.com/plott-hound,UKC,USA,Plott Hound
Poitevin,https://www.ukcdogs.com/poitevin,UKC,USA,Poitevin
Polish Hound,https://www.ukcdogs.com/polish-hound,UKC,USA,Polish Hound
Porcelaine,https://www.ukcdogs.com/porcelaine,UKC,USA,Porcelaine
Posavaz Hound,https://www.ukcdogs.com/posavaz-hound,UKC,USA,Posavaz Hound
Redbone Coonhound,https://www.ukcdogs.com/redbone-coonhound,UKC,USA,Redbone Coonhound
Schiller Hound,https://www.ukcdogs.com/schiller-hound,UKC,USA,Schiller Hound
Serbian Hound,https://www.ukcdogs.com/serbian-hound,UKC,USA,Serbian Hound
Serbian Tricolor Hound,https://www.ukcdogs.com/serbian-tricolor-hound,UKC,USA,Serbian Tricolor Hound
Smaland Hound,https://www.ukcdogs.com/smaland-hound,UKC,USA,Smaland Hound
Small Swiss Hound,https://www.ukcdogs.com/small-swiss-hound,UKC,USA,Small Swiss Hound
Spanish Hound,https://www.ukcdogs.com/spanish-hound,UKC,USA,Spanish Hound
Stephens' Cur,https://www.ukcdogs.com/stephens-cur,UKC,USA,Stephens' Cur
Styrian Coarse Haired Hound,https://www.ukcdogs.com/styrian-coarse-haired-hound,UKC,USA,Styrian Coarse Haired Hound
Swiss Hound,https://www.ukcdogs.com/swiss-hound,UKC,USA,Swiss Hound
Transylvanian Hound,https://www.ukcdogs.com/transylvanian-hound,UKC,USA,Transylvanian Hound
Treeing Cur,https://www.ukcdogs.com/treeing-cur,UKC,USA,Treeing Cur
Treeing Tennessee Brindle,https://www.ukcdogs.com/treeing-tennessee-brindle,UKC,USA,Treeing Tennessee Brindle
Treeing Walker Coonhound,https://www.ukcdogs.com/treeing-walker-coonhound,UKC,USA,Treeing Walker Coonhound
Tyrolean Hound,https://www.ukcdogs.com/tyrolean-hound,UKC,USA,Tyrolean Hound
Welsh Hound,https://www.ukcdogs.com/welsh-hound,UKC,USA,Welsh Hound
Westphalian Dachsbracke,https://www.ukcdogs.com/westphalian-dachsbracke,UKC,USA,Westphalian Dachsbracke
Sighthound & Pariah,https://www.ukcdogs.com/#category_id_7,UKC,USA,Sighthound & Pariah
Afghan Hound,https://www.ukcdogs.com/afghan-hound,UKC,USA,Afghan Hound
Azawakh,https://www.ukcdogs.com/azawakh,UKC,USA,Azawakh
Basenji,https://www.ukcdogs.com/basenji,UKC,USA,Basenji
Borzoi,https://www.ukcdogs.com/borzoi,UKC,USA,Borzoi
Canaan Dog,https://www.ukcdogs.com/canaan-dog,UKC,USA,Canaan Dog
Carolina Dog,https://www.ukcdogs.com/carolina-dog,UKC,USA,Carolina Dog
Chart Polski (Polish Greyhound),https://www.ukcdogs.com/chart-polski-polish-greyhound,UKC,USA,Chart Polski (Polish Greyhound)
Cirneco dell'Etna,https://www.ukcdogs.com/cirneco-dell-etna,UKC,USA,Cirneco dell'Etna
Greyhound,https://www.ukcdogs.com/greyhound,UKC,USA,Greyhound
Hungarian Greyhound (Magyar Agar),https://www.ukcdogs.com/hungarian-greyhound-magyar-agar,UKC,USA,Hungarian Greyhound (Magyar Agar)
Ibizan Hound,https://www.ukcdogs.com/ibizan-hound,UKC,USA,Ibizan Hound
Irish Wolfhound,https://www.ukcdogs.com/irish-wolfhound,UKC,USA,Irish Wolfhound
Peruvian Inca Orchid,https://www.ukcdogs.com/peruvian-inca-orchid,UKC,USA,Peruvian Inca Orchid
Pharaoh Hound,https://www.ukcdogs.com/pharaoh-hound,UKC,USA,Pharaoh Hound
Podenco Canario,https://www.ukcdogs.com/podenco-canario,UKC,USA,Podenco Canario
Podengo Portugueso,https://www.ukcdogs.com/portuguese-podengo,UKC,USA,Podengo Portugueso
Rhodesian Ridgeback,https://www.ukcdogs.com/rhodesian-ridgeback,UKC,USA,Rhodesian Ridgeback
Saluki,https://www.ukcdogs.com/saluki,UKC,USA,Saluki
Scottish Deerhound,https://www.ukcdogs.com/scottish-deerhound,UKC,USA,Scottish Deerhound
Silken Windhound,https://www.ukcdogs.com/silken-windhound,UKC,USA,Silken Windhound
Sloughi,https://www.ukcdogs.com/sloughi,UKC,USA,Sloughi
Spanish Greyhound,https://www.ukcdogs.com/spanish-greyhound,UKC,USA,Spanish Greyhound
Thai Ridgeback,https://www.ukcdogs.com/thai-ridgeback,UKC,USA,Thai Ridgeback
Whippet,https://www.ukcdogs.com/whippet,UKC,USA,Whippet
Xoloitzcuintli,https://www.ukcdogs.com/xoloitzcuintli,UKC,USA,Xoloitzcuintli
Terrier,https://www.ukcdogs.com/#category_id_8,UKC,USA,Terrier
Airedale Terrier,https://www.ukcdogs.com/airedale-terrier,UKC,USA,Airedale Terrier
American Hairless Terrier,https://www.ukcdogs.com/american-hairless-terrier,UKC,USA,American Hairless Terrier
American Pit Bull Terrier,https://www.ukcdogs.com/american-pit-bull-terrier,UKC,USA,American Pit Bull Terrier
Australian Terrier,https://www.ukcdogs.com/australian-terrier,UKC,USA,Australian Terrier
Austrian Pinscher,https://www.ukcdogs.com/austrian-pinscher,UKC,USA,Austrian Pinscher
Bedlington Terrier,https://www.ukcdogs.com/bedlington-terrier,UKC,USA,Bedlington Terrier
Border Terrier,https://www.ukcdogs.com/border-terrier,UKC,USA,Border Terrier
Bull Terrier,https://www.ukcdogs.com/bull-terrier,UKC,USA,Bull Terrier
Cairn Terrier,https://www.ukcdogs.com/cairn-terrier,UKC,USA,Cairn Terrier
Cesky Terrier,https://www.ukcdogs.com/cesky-terrier,UKC,USA,Cesky Terrier
Dandie Dinmont Terrier,https://www.ukcdogs.com/dandie-dinmont-terrier,UKC,USA,Dandie Dinmont Terrier
Danish-Swedish Farmdog,https://www.ukcdogs.com/danish-swedish-farmdog,UKC,USA,Danish-Swedish Farmdog
Dutch Smoushond,https://www.ukcdogs.com/dutch-smoushond,UKC,USA,Dutch Smoushond
German Pinscher,https://www.ukcdogs.com/german-pinscher,UKC,USA,German Pinscher
Glen of Imaal Terrier,https://www.ukcdogs.com/glen-of-imaal-terrier,UKC,USA,Glen of Imaal Terrier
Irish Terrier,https://www.ukcdogs.com/irish-terrier,UKC,USA,Irish Terrier
Jack Russell Terrier,https://www.ukcdogs.com/jack-russell-terrier,UKC,USA,Jack Russell Terrier
Jagdterrier,https://www.ukcdogs.com/jagdterrier,UKC,USA,Jagdterrier
Japanese Terrier,https://www.ukcdogs.com/japanese-terrier,UKC,USA,Japanese Terrier
Kerry Blue Terrier,https://www.ukcdogs.com/kerry-blue-terrier,UKC,USA,Kerry Blue Terrier
Lakeland Terrier,https://www.ukcdogs.com/lakeland-terrier,UKC,USA,Lakeland Terrier
Manchester Terrier,https://www.ukcdogs.com/manchester-terrier,UKC,USA,Manchester Terrier
Miniature Bull Terrier,https://www.ukcdogs.com/miniature-bull-terrier,UKC,USA,Miniature Bull Terrier
Miniature Schnauzer,https://www.ukcdogs.com/miniature-schnauzer,UKC,USA,Miniature Schnauzer
Mountain Feist,https://www.ukcdogs.com/mountain-feist,UKC,USA,Mountain Feist
Norfolk Terrier,https://www.ukcdogs.com/norfolk-terrier,UKC,USA,Norfolk Terrier
Norwich Terrier,https://www.ukcdogs.com/norwich-terrier,UKC,USA,Norwich Terrier
Parson Russell Terrier,https://www.ukcdogs.com/parson-russell-terrier,UKC,USA,Parson Russell Terrier
Patterdale Terrier,https://www.ukcdogs.com/patterdale-terrier,UKC,USA,Patterdale Terrier
Rat Terrier,https://www.ukcdogs.com/rat-terrier,UKC,USA,Rat Terrier
Scottish Terrier,https://www.ukcdogs.com/scottish-terrier,UKC,USA,Scottish Terrier
Sealyham Terrier,https://www.ukcdogs.com/sealyham-terrier,UKC,USA,Sealyham Terrier
Silky Terrier,https://www.ukcdogs.com/silky-terrier,UKC,USA,Silky Terrier
Skye Terrier,https://www.ukcdogs.com/skye-terrier,UKC,USA,Skye Terrier
Smooth Fox Terrier,https://www.ukcdogs.com/smooth-fox-terrier,UKC,USA,Smooth Fox Terrier
Soft-Coated Wheaten Terrier,https://www.ukcdogs.com/soft-coated-wheaten-terrier,UKC,USA,Soft-Coated Wheaten Terrier
Sporting Lucas Terrier,https://www.ukcdogs.com/sporting-lucas-terrier,UKC,USA,Sporting Lucas Terrier
Staffordshire Bull Terrier,https://www.ukcdogs.com/staffordshire-bull-terrier,UKC,USA,Staffordshire Bull Terrier
Teddy Roosevelt Terrier,https://www.ukcdogs.com/teddy-roosevelt-terrier,UKC,USA,Teddy Roosevelt Terrier
Toy Fox Terrier,https://www.ukcdogs.com/toy-fox-terrier,UKC,USA,Toy Fox Terrier
Treeing Feist,https://www.ukcdogs.com/treeing-feist,UKC,USA,Treeing Feist
Welsh Terrier,https://www.ukcdogs.com/welsh-terrier,UKC,USA,Welsh Terrier
West Highland White Terrier,https://www.ukcdogs.com/west-highland-white-terrier,UKC,USA,West Highland White Terrier
Wire Fox Terrier,https://www.ukcdogs.com/wire-fox-terrier,UKC,USA,Wire Fox Terrier
Affenpinscher,https://www.skk.se/sv/hundraser/Affenpinscher,SKK,SWE,
Afghanhund,https://www.skk.se/sv/hundraser/Afghanhund,SKK,SWE,
Aidi,https://www.skk.se/sv/hundraser/Aidi,SKK,SWE,
Airedaleterrier,https://www.skk.se/sv/hundraser/Airedaleterrier,SKK,SWE,
Akita,https://www.skk.se/sv/hundraser/Akita,SKK,SWE,
Alaskan malamute,https://www.skk.se/sv/hundraser/Alaskan-malamute,SKK,SWE,
Alpenländische dachsbracke,https://www.skk.se/sv/hundraser/Alpenländische-dachsbracke,SKK,SWE,
American akita,https://www.skk.se/sv/hundraser/American-akita,SKK,SWE,
American eskimo dog,https://www.skk.se/sv/hundraser/American-eskimo-dog,SKK,SWE,
American foxhound,https://www.skk.se/sv/hundraser/American-foxhound,SKK,SWE,
American hairless terrier,https://www.skk.se/sv/hundraser/American-hairless-terrier,SKK,SWE,
American staffordshire terrier,https://www.skk.se/sv/hundraser/American-staffordshire-terrier,SKK,SWE,
American toy fox terrier,https://www.skk.se/sv/hundraser/American-toy-fox-terrier,SKK,SWE,
American water spaniel,https://www.skk.se/sv/hundraser/American-water-spaniel,SKK,SWE,
Amerikansk cocker spaniel,https://www.skk.se/sv/hundraser/Amerikansk-cocker-spaniel,SKK,SWE,
Anglo-francais de petite vénerie,https://www.skk.se/sv/hundraser/Anglo-francais-de-petite-vénerie,SKK,SWE,
Anglo-russkaja gontjaja,https://www.skk.se/sv/hundraser/Anglo-russkaja-gontjaja,SKK,SWE,
Anjing kintamani-bali,https://www.skk.se/sv/hundraser/Anjing-kintamani-bali,SKK,SWE,
Appenzeller sennenhund,https://www.skk.se/sv/hundraser/Appenzeller-sennenhund,SKK,SWE,
Ariégeois,https://www.skk.se/sv/hundraser/Ariégeois,SKK,SWE,
Australian cattledog,https://www.skk.se/sv/hundraser/Australian-cattledog,SKK,SWE,
Australian kelpie,https://www.skk.se/sv/hundraser/Australian-kelpie,SKK,SWE,
Australian shepherd,https://www.skk.se/sv/hundraser/Australian-shepherd,SKK,SWE,
Australian stumpy tail cattle dog,https://www.skk.se/sv/hundraser/Australian-stumpy-tail-cattle-dog,SKK,SWE,
Australisk terrier,https://www.skk.se/sv/hundraser/Australisk-terrier,SKK,SWE,
Azawakh,https://www.skk.se/sv/hundraser/Azawakh,SKK,SWE,
Barbet,https://www.skk.se/sv/hundraser/Barbet,SKK,SWE,
Basenji,https://www.skk.se/sv/hundraser/Basenji,SKK,SWE,
Basset artésien normand,https://www.skk.se/sv/hundraser/Basset-artésien-normand,SKK,SWE,
Basset bleu de gascogne,https://www.skk.se/sv/hundraser/Basset-bleu-de-gascogne,SKK,SWE,
Basset fauve de bretagne,https://www.skk.se/sv/hundraser/Basset-fauve-de-bretagne,SKK,SWE,
Basset hound,https://www.skk.se/sv/hundraser/Basset-hound,SKK,SWE,
Bayersk viltspårhund,https://www.skk.se/sv/hundraser/Bayersk-viltspårhund,SKK,SWE,
Beagle,https://www.skk.se/sv/hundraser/Beagle,SKK,SWE,
Beagle harrier,https://www.skk.se/sv/hundraser/Beagle-harrier,SKK,SWE,
Bearded collie,https://www.skk.se/sv/hundraser/Bearded-collie,SKK,SWE,
Beauceron,https://www.skk.se/sv/hundraser/Beauceron,SKK,SWE,
Bedlingtonterrier,https://www.skk.se/sv/hundraser/Bedlingtonterrier,SKK,SWE,
Belgisk vallhund,https://www.skk.se/sv/hundraser/Belgisk-vallhund,SKK,SWE,
Belgisk vallhund/ groenendael,https://www.skk.se/sv/hundraser/Belgisk-vallhund/-groenendael,SKK,SWE,
Belgisk vallhund/ laekenois,https://www.skk.se/sv/hundraser/Belgisk-vallhund/-laekenois,SKK,SWE,
Belgisk vallhund/ malinois,https://www.skk.se/sv/hundraser/Belgisk-vallhund/-malinois,SKK,SWE,
Belgisk vallhund/ tervueren,https://www.skk.se/sv/hundraser/Belgisk-vallhund/-tervueren,SKK,SWE,
Bergamasco,https://www.skk.se/sv/hundraser/Bergamasco,SKK,SWE,
Berger des pyrénées à face rase,https://www.skk.se/sv/hundraser/Berger-des-pyrénées-à-face-rase,SKK,SWE,
Berger des pyrénées à poil long,https://www.skk.se/sv/hundraser/Berger-des-pyrénées-à-poil-long,SKK,SWE,
Berger picard,https://www.skk.se/sv/hundraser/Berger-picard,SKK,SWE,
Berner sennenhund,https://www.skk.se/sv/hundraser/Berner-sennenhund,SKK,SWE,
Bichon frisé,https://www.skk.se/sv/hundraser/Bichon-frisé,SKK,SWE,
Bichon havanais,https://www.skk.se/sv/hundraser/Bichon-havanais,SKK,SWE,
Biewer terrier,https://www.skk.se/sv/hundraser/Biewer-terrier,SKK,SWE,
Billy,https://www.skk.se/sv/hundraser/Billy,SKK,SWE,
Black and tan coonhound,https://www.skk.se/sv/hundraser/Black-and-tan-coonhound,SKK,SWE,
Blodhund,https://www.skk.se/sv/hundraser/Blodhund,SKK,SWE,
Bluetick coonhound,https://www.skk.se/sv/hundraser/Bluetick-coonhound,SKK,SWE,
Bolognese,https://www.skk.se/sv/hundraser/Bolognese,SKK,SWE,
Border collie,https://www.skk.se/sv/hundraser/Border-collie,SKK,SWE,
Borderterrier,https://www.skk.se/sv/hundraser/Borderterrier,SKK,SWE,
Borzoi,https://www.skk.se/sv/hundraser/Borzoi,SKK,SWE,
Bosanski ostrodlaki gonic-barak,https://www.skk.se/sv/hundraser/Bosanski-ostrodlaki-gonic-barak,SKK,SWE,
Bostonterrier,https://www.skk.se/sv/hundraser/Bostonterrier,SKK,SWE,
Bouvier des ardennes,https://www.skk.se/sv/hundraser/Bouvier-des-ardennes,SKK,SWE,
Bouvier des flandres,https://www.skk.se/sv/hundraser/Bouvier-des-flandres,SKK,SWE,
Boxer,https://www.skk.se/sv/hundraser/Boxer,SKK,SWE,
Bracco italiano,https://www.skk.se/sv/hundraser/Bracco-italiano,SKK,SWE,
Brandlbracke - (vieräugl),https://www.skk.se/sv/hundraser/Brandlbracke---(vieräugl),SKK,SWE,
Braque d'auvergne,https://www.skk.se/sv/hundraser/Braque-d'auvergne,SKK,SWE,
Braque de l'ariége,https://www.skk.se/sv/hundraser/Braque-de-l'ariége,SKK,SWE,
Braque du bourbonnais,https://www.skk.se/sv/hundraser/Braque-du-bourbonnais,SKK,SWE,
"Braque francais, type gascogne","https://www.skk.se/sv/hundraser/Braque-francais,-type-gascogne",SKK,SWE,
"Braque francais, type pyrénées","https://www.skk.se/sv/hundraser/Braque-francais,-type-pyrénées",SKK,SWE,
Braque saint-germain,https://www.skk.se/sv/hundraser/Braque-saint-germain,SKK,SWE,
Breton,https://www.skk.se/sv/hundraser/Breton,SKK,SWE,
Briard,https://www.skk.se/sv/hundraser/Briard,SKK,SWE,
Briquet griffon vendéen,https://www.skk.se/sv/hundraser/Briquet-griffon-vendéen,SKK,SWE,
Broholmer,https://www.skk.se/sv/hundraser/Broholmer,SKK,SWE,
Bullmastiff,https://www.skk.se/sv/hundraser/Bullmastiff,SKK,SWE,
Bullterrier,https://www.skk.se/sv/hundraser/Bullterrier,SKK,SWE,
Bullterrier/miniatyrbullterrier,https://www.skk.se/sv/hundraser/Bullterrier/miniatyrbullterrier,SKK,SWE,
Ca de bestiar,https://www.skk.se/sv/hundraser/Ca-de-bestiar,SKK,SWE,
Cairnterrier,https://www.skk.se/sv/hundraser/Cairnterrier,SKK,SWE,
Canaan dog,https://www.skk.se/sv/hundraser/Canaan-dog,SKK,SWE,
Canadian eskimo dog,https://www.skk.se/sv/hundraser/Canadian-eskimo-dog,SKK,SWE,
Cane corso,https://www.skk.se/sv/hundraser/Cane-corso,SKK,SWE,
"Cao da serra da estrela, pelo compr","https://www.skk.se/sv/hundraser/Cao-da-serra-da-estrela,-pelo-compr",SKK,SWE,
"Cao da serra da estrela, pelo curto","https://www.skk.se/sv/hundraser/Cao-da-serra-da-estrela,-pelo-curto",SKK,SWE,
Cao da serra de aires,https://www.skk.se/sv/hundraser/Cao-da-serra-de-aires,SKK,SWE,
Cao de castro laboreiro,https://www.skk.se/sv/hundraser/Cao-de-castro-laboreiro,SKK,SWE,
Cão de gado transmontano,https://www.skk.se/sv/hundraser/Cão-de-gado-transmontano,SKK,SWE,
Cao fila de sao miguel,https://www.skk.se/sv/hundraser/Cao-fila-de-sao-miguel,SKK,SWE,
Cavalier king charles spaniel,https://www.skk.se/sv/hundraser/Cavalier-king-charles-spaniel,SKK,SWE,
Ceskoslovenský vlciak,https://www.skk.se/sv/hundraser/Ceskoslovenský-vlciak,SKK,SWE,
Cesky fousek,https://www.skk.se/sv/hundraser/Cesky-fousek,SKK,SWE,
Ceskyterrier,https://www.skk.se/sv/hundraser/Ceskyterrier,SKK,SWE,
Chart polski,https://www.skk.se/sv/hundraser/Chart-polski,SKK,SWE,
Chesapeake bay retriever,https://www.skk.se/sv/hundraser/Chesapeake-bay-retriever,SKK,SWE,
Chien d'artois,https://www.skk.se/sv/hundraser/Chien-d'artois,SKK,SWE,
"Chihuahua, korthårig","https://www.skk.se/sv/hundraser/Chihuahua,-korthårig",SKK,SWE,
"Chihuahua, långhårig","https://www.skk.se/sv/hundraser/Chihuahua,-långhårig",SKK,SWE,
Chinese crested dog,https://www.skk.se/sv/hundraser/Chinese-crested-dog,SKK,SWE,
Chodský pes,https://www.skk.se/sv/hundraser/Chodský-pes,SKK,SWE,
Chow chow,https://www.skk.se/sv/hundraser/Chow-chow,SKK,SWE,
Cimarrón uruguayo,https://www.skk.se/sv/hundraser/Cimarrón-uruguayo,SKK,SWE,
Ciobanesc romanesc carpatin,https://www.skk.se/sv/hundraser/Ciobanesc-romanesc-carpatin,SKK,SWE,
Ciobanesc romanesc de bucovina,https://www.skk.se/sv/hundraser/Ciobanesc-romanesc-de-bucovina,SKK,SWE,
Ciobanesc romanesc mioritic,https://www.skk.se/sv/hundraser/Ciobanesc-romanesc-mioritic,SKK,SWE,
Cirneco dell'etna,https://www.skk.se/sv/hundraser/Cirneco-dell'etna,SKK,SWE,
Clumber spaniel,https://www.skk.se/sv/hundraser/Clumber-spaniel,SKK,SWE,
Clumber spaniel/cocker spaniel,https://www.skk.se/sv/hundraser/Clumber-spaniel/cocker-spaniel,SKK,SWE,
Cocker spaniel,https://www.skk.se/sv/hundraser/Cocker-spaniel,SKK,SWE,
"Collie, korthårig","https://www.skk.se/sv/hundraser/Collie,-korthårig",SKK,SWE,
"Collie, långhårig","https://www.skk.se/sv/hundraser/Collie,-långhårig",SKK,SWE,
Continental bulldog,https://www.skk.se/sv/hundraser/Continental-bulldog,SKK,SWE,
Coton de tuléar,https://www.skk.se/sv/hundraser/Coton-de-tuléar,SKK,SWE,
Crnogorski planinski gonic,https://www.skk.se/sv/hundraser/Crnogorski-planinski-gonic,SKK,SWE,
Curly coated retriever,https://www.skk.se/sv/hundraser/Curly-coated-retriever,SKK,SWE,
Dalmatiner,https://www.skk.se/sv/hundraser/Dalmatiner,SKK,SWE,
Dandie dinmont terrier,https://www.skk.se/sv/hundraser/Dandie-dinmont-terrier,SKK,SWE,
Dansk spids,https://www.skk.se/sv/hundraser/Dansk-spids,SKK,SWE,
Dansk-svensk gårdshund,https://www.skk.se/sv/hundraser/Dansk-svensk-gårdshund,SKK,SWE,
Deutsch stichelhaar,https://www.skk.se/sv/hundraser/Deutsch-stichelhaar,SKK,SWE,
Deutsche bracke,https://www.skk.se/sv/hundraser/Deutsche-bracke,SKK,SWE,
Dobermann,https://www.skk.se/sv/hundraser/Dobermann,SKK,SWE,
Dogo argentino,https://www.skk.se/sv/hundraser/Dogo-argentino,SKK,SWE,
Dogue de bordeaux,https://www.skk.se/sv/hundraser/Dogue-de-bordeaux,SKK,SWE,
Drentsche patrijshond,https://www.skk.se/sv/hundraser/Drentsche-patrijshond,SKK,SWE,
Drever,https://www.skk.se/sv/hundraser/Drever,SKK,SWE,
Dunkerstövare,https://www.skk.se/sv/hundraser/Dunkerstövare,SKK,SWE,
Dvärgpinscher,https://www.skk.se/sv/hundraser/Dvärgpinscher,SKK,SWE,
Dvärgschnauzer,https://www.skk.se/sv/hundraser/Dvärgschnauzer,SKK,SWE,
"Dvärgschnauzer, peppar & salt","https://www.skk.se/sv/hundraser/Dvärgschnauzer,-peppar-&-salt",SKK,SWE,
"Dvärgschnauzer, svart","https://www.skk.se/sv/hundraser/Dvärgschnauzer,-svart",SKK,SWE,
"Dvärgschnauzer, svart & silver","https://www.skk.se/sv/hundraser/Dvärgschnauzer,-svart-&-silver",SKK,SWE,
"Dvärgschnauzer, vit","https://www.skk.se/sv/hundraser/Dvärgschnauzer,-vit",SKK,SWE,
Ej stambokförd i skk,https://www.skk.se/sv/hundraser/Ej-stambokförd-i-skk,SKK,SWE,
Engelsk bulldogg,https://www.skk.se/sv/hundraser/Engelsk-bulldogg,SKK,SWE,
Engelsk setter,https://www.skk.se/sv/hundraser/Engelsk-setter,SKK,SWE,
Engelsk springer spaniel,https://www.skk.se/sv/hundraser/Engelsk-springer-spaniel,SKK,SWE,
English toy terrier,https://www.skk.se/sv/hundraser/English-toy-terrier,SKK,SWE,
Entlebucher sennenhund,https://www.skk.se/sv/hundraser/Entlebucher-sennenhund,SKK,SWE,
Épagneul bleu de picardie,https://www.skk.se/sv/hundraser/Épagneul-bleu-de-picardie,SKK,SWE,
Épagneul de pont-audemer,https://www.skk.se/sv/hundraser/Épagneul-de-pont-audemer,SKK,SWE,
Épagneul de saint-usuge,https://www.skk.se/sv/hundraser/Épagneul-de-saint-usuge,SKK,SWE,
Épagneul francais,https://www.skk.se/sv/hundraser/Épagneul-francais,SKK,SWE,
Épagneul picard,https://www.skk.se/sv/hundraser/Épagneul-picard,SKK,SWE,
Erdélyi kopó,https://www.skk.se/sv/hundraser/Erdélyi-kopó,SKK,SWE,
Estnisk stövare,https://www.skk.se/sv/hundraser/Estnisk-stövare,SKK,SWE,
Eurasier,https://www.skk.se/sv/hundraser/Eurasier,SKK,SWE,
Faraohund,https://www.skk.se/sv/hundraser/Faraohund,SKK,SWE,
Field spaniel,https://www.skk.se/sv/hundraser/Field-spaniel,SKK,SWE,
Fila brasileiro,https://www.skk.se/sv/hundraser/Fila-brasileiro,SKK,SWE,
Finsk lapphund,https://www.skk.se/sv/hundraser/Finsk-lapphund,SKK,SWE,
Finsk spets,https://www.skk.se/sv/hundraser/Finsk-spets,SKK,SWE,
Finsk stövare,https://www.skk.se/sv/hundraser/Finsk-stövare,SKK,SWE,
Flatcoated retriever,https://www.skk.se/sv/hundraser/Flatcoated-retriever,SKK,SWE,
Foxhound,https://www.skk.se/sv/hundraser/Foxhound,SKK,SWE,
Francais blanc et noir,https://www.skk.se/sv/hundraser/Francais-blanc-et-noir,SKK,SWE,
Francais blanc et orange,https://www.skk.se/sv/hundraser/Francais-blanc-et-orange,SKK,SWE,
Francais tricolore,https://www.skk.se/sv/hundraser/Francais-tricolore,SKK,SWE,
Fransk bulldogg,https://www.skk.se/sv/hundraser/Fransk-bulldogg,SKK,SWE,
Galgo espanol,https://www.skk.se/sv/hundraser/Galgo-espanol,SKK,SWE,
Gammel dansk hönsehund,https://www.skk.se/sv/hundraser/Gammel-dansk-hönsehund,SKK,SWE,
Gascon saintongeois,https://www.skk.se/sv/hundraser/Gascon-saintongeois,SKK,SWE,
Golden retriever,https://www.skk.se/sv/hundraser/Golden-retriever,SKK,SWE,
Gonczy polski,https://www.skk.se/sv/hundraser/Gonczy-polski,SKK,SWE,
Gordonsetter,https://www.skk.se/sv/hundraser/Gordonsetter,SKK,SWE,
Gos d'atura catalá,https://www.skk.se/sv/hundraser/Gos-d'atura-catalá,SKK,SWE,
Gotlandsstövare,https://www.skk.se/sv/hundraser/Gotlandsstövare,SKK,SWE,
Gotlandsstövare (rasvård),https://www.skk.se/sv/hundraser/Gotlandsstövare-(rasvård),SKK,SWE,
Grand anglo-francais blanc & noir,https://www.skk.se/sv/hundraser/Grand-anglo-francais-blanc-&-noir,SKK,SWE,
Grand anglo-francais blanc & orange,https://www.skk.se/sv/hundraser/Grand-anglo-francais-blanc-&-orange,SKK,SWE,
Grand anglo-francais tricolore,https://www.skk.se/sv/hundraser/Grand-anglo-francais-tricolore,SKK,SWE,
Grand basset griffon vendéen,https://www.skk.se/sv/hundraser/Grand-basset-griffon-vendéen,SKK,SWE,
Grand bleu de gascogne,https://www.skk.se/sv/hundraser/Grand-bleu-de-gascogne,SKK,SWE,
Grand danois,https://www.skk.se/sv/hundraser/Grand-danois,SKK,SWE,
Grand griffon vendéen,https://www.skk.se/sv/hundraser/Grand-griffon-vendéen,SKK,SWE,
Greyhound,https://www.skk.se/sv/hundraser/Greyhound,SKK,SWE,
Griffon belge,https://www.skk.se/sv/hundraser/Griffon-belge,SKK,SWE,
Griffon bleu de gascogne,https://www.skk.se/sv/hundraser/Griffon-bleu-de-gascogne,SKK,SWE,
Griffon bruxellois,https://www.skk.se/sv/hundraser/Griffon-bruxellois,SKK,SWE,
Griffon d'arret à poil dur/korthals,https://www.skk.se/sv/hundraser/Griffon-d'arret-à-poil-dur/korthals,SKK,SWE,
Griffon fauve de bretagne,https://www.skk.se/sv/hundraser/Griffon-fauve-de-bretagne,SKK,SWE,
Griffon nivernais,https://www.skk.se/sv/hundraser/Griffon-nivernais,SKK,SWE,
Grosser münsterländer,https://www.skk.se/sv/hundraser/Grosser-münsterländer,SKK,SWE,
Grosser schweizer sennenhund,https://www.skk.se/sv/hundraser/Grosser-schweizer-sennenhund,SKK,SWE,
Grönlandshund,https://www.skk.se/sv/hundraser/Grönlandshund,SKK,SWE,
Haldenstövare,https://www.skk.se/sv/hundraser/Haldenstövare,SKK,SWE,
Hamiltonstövare,https://www.skk.se/sv/hundraser/Hamiltonstövare,SKK,SWE,
Hannoveransk viltspårhund,https://www.skk.se/sv/hundraser/Hannoveransk-viltspårhund,SKK,SWE,
Harrier,https://www.skk.se/sv/hundraser/Harrier,SKK,SWE,
Hellinikos ichnilatis,https://www.skk.se/sv/hundraser/Hellinikos-ichnilatis,SKK,SWE,
Hokkaido,https://www.skk.se/sv/hundraser/Hokkaido,SKK,SWE,
"Hollandse herdershond, korthårig","https://www.skk.se/sv/hundraser/Hollandse-herdershond,-korthårig",SKK,SWE,
"Hollandse herdershond, långhårig","https://www.skk.se/sv/hundraser/Hollandse-herdershond,-långhårig",SKK,SWE,
"Hollandse herdershond, strävhårig","https://www.skk.se/sv/hundraser/Hollandse-herdershond,-strävhårig",SKK,SWE,
Hollandse smoushond,https://www.skk.se/sv/hundraser/Hollandse-smoushond,SKK,SWE,
Hovawart,https://www.skk.se/sv/hundraser/Hovawart,SKK,SWE,
Hrvatski ovcar,https://www.skk.se/sv/hundraser/Hrvatski-ovcar,SKK,SWE,
Hygenstövare,https://www.skk.se/sv/hundraser/Hygenstövare,SKK,SWE,
Hälleforshund,https://www.skk.se/sv/hundraser/Hälleforshund,SKK,SWE,
Irish glen of imaal terrier,https://www.skk.se/sv/hundraser/Irish-glen-of-imaal-terrier,SKK,SWE,
Irish softcoated wheaten terrier,https://www.skk.se/sv/hundraser/Irish-softcoated-wheaten-terrier,SKK,SWE,
Irländsk röd och vit setter,https://www.skk.se/sv/hundraser/Irländsk-röd-och-vit-setter,SKK,SWE,
Irländsk röd setter,https://www.skk.se/sv/hundraser/Irländsk-röd-setter,SKK,SWE,
Irländsk terrier,https://www.skk.se/sv/hundraser/Irländsk-terrier,SKK,SWE,
Irländsk varghund,https://www.skk.se/sv/hundraser/Irländsk-varghund,SKK,SWE,
Irländsk vattenspaniel,https://www.skk.se/sv/hundraser/Irländsk-vattenspaniel,SKK,SWE,
Isländsk fårhund,https://www.skk.se/sv/hundraser/Isländsk-fårhund,SKK,SWE,
Istarski kratkodlaki gonic,https://www.skk.se/sv/hundraser/Istarski-kratkodlaki-gonic,SKK,SWE,
Istarski ostrodlaki gonic,https://www.skk.se/sv/hundraser/Istarski-ostrodlaki-gonic,SKK,SWE,
Italiensk vinthund,https://www.skk.se/sv/hundraser/Italiensk-vinthund,SKK,SWE,
Jack russell terrier,https://www.skk.se/sv/hundraser/Jack-russell-terrier,SKK,SWE,
Jakutskaja lajka,https://www.skk.se/sv/hundraser/Jakutskaja-lajka,SKK,SWE,
Japanese chin,https://www.skk.se/sv/hundraser/Japanese-chin,SKK,SWE,
Japansk spets,https://www.skk.se/sv/hundraser/Japansk-spets,SKK,SWE,
Juzjnorusskaja ovtjarka,https://www.skk.se/sv/hundraser/Juzjnorusskaja-ovtjarka,SKK,SWE,
Jämthund,https://www.skk.se/sv/hundraser/Jämthund,SKK,SWE,
Kai,https://www.skk.se/sv/hundraser/Kai,SKK,SWE,
Kangal çoban köpegi,https://www.skk.se/sv/hundraser/Kangal-çoban-köpegi,SKK,SWE,
Karelsk björnhund,https://www.skk.se/sv/hundraser/Karelsk-björnhund,SKK,SWE,
Kavkazskaja ovtjarka,https://www.skk.se/sv/hundraser/Kavkazskaja-ovtjarka,SKK,SWE,
Keeshond,https://www.skk.se/sv/hundraser/Keeshond,SKK,SWE,
Kerry blue terrier,https://www.skk.se/sv/hundraser/Kerry-blue-terrier,SKK,SWE,
King charles spaniel,https://www.skk.se/sv/hundraser/King-charles-spaniel,SKK,SWE,
Kishu,https://www.skk.se/sv/hundraser/Kishu,SKK,SWE,
Kleiner münsterländer,https://www.skk.se/sv/hundraser/Kleiner-münsterländer,SKK,SWE,
Komondor,https://www.skk.se/sv/hundraser/Komondor,SKK,SWE,
Korea jindo dog,https://www.skk.se/sv/hundraser/Korea-jindo-dog,SKK,SWE,
Korthårig vorsteh,https://www.skk.se/sv/hundraser/Korthårig-vorsteh,SKK,SWE,
Kraski ovcar,https://www.skk.se/sv/hundraser/Kraski-ovcar,SKK,SWE,
Kromfohrländer,https://www.skk.se/sv/hundraser/Kromfohrländer,SKK,SWE,
Kuvasz,https://www.skk.se/sv/hundraser/Kuvasz,SKK,SWE,
Labrador retriever,https://www.skk.se/sv/hundraser/Labrador-retriever,SKK,SWE,
Lagotto romagnolo,https://www.skk.se/sv/hundraser/Lagotto-romagnolo,SKK,SWE,
Lakelandterrier,https://www.skk.se/sv/hundraser/Lakelandterrier,SKK,SWE,
Lancashire heeler,https://www.skk.se/sv/hundraser/Lancashire-heeler,SKK,SWE,
Landseer,https://www.skk.se/sv/hundraser/Landseer,SKK,SWE,
Lapsk vallhund,https://www.skk.se/sv/hundraser/Lapsk-vallhund,SKK,SWE,
Lapsk vallhund/finsk lapphund,https://www.skk.se/sv/hundraser/Lapsk-vallhund/finsk-lapphund,SKK,SWE,
Leonberger,https://www.skk.se/sv/hundraser/Leonberger,SKK,SWE,
Lhasa apso,https://www.skk.se/sv/hundraser/Lhasa-apso,SKK,SWE,
Långhårig vorsteh,https://www.skk.se/sv/hundraser/Långhårig-vorsteh,SKK,SWE,
Löwchen,https://www.skk.se/sv/hundraser/Löwchen,SKK,SWE,
Magyar agar,https://www.skk.se/sv/hundraser/Magyar-agar,SKK,SWE,
Malteser,https://www.skk.se/sv/hundraser/Malteser,SKK,SWE,
Manchesterterrier,https://www.skk.se/sv/hundraser/Manchesterterrier,SKK,SWE,
Maremmano abruzzese,https://www.skk.se/sv/hundraser/Maremmano-abruzzese,SKK,SWE,
Mastiff,https://www.skk.se/sv/hundraser/Mastiff,SKK,SWE,
Mastín espanol,https://www.skk.se/sv/hundraser/Mastín-espanol,SKK,SWE,
Mastino napoletano,https://www.skk.se/sv/hundraser/Mastino-napoletano,SKK,SWE,
Miniature american shepherd,https://www.skk.se/sv/hundraser/Miniature-american-shepherd,SKK,SWE,
Miniatyrbullterrier,https://www.skk.se/sv/hundraser/Miniatyrbullterrier,SKK,SWE,
Mops,https://www.skk.se/sv/hundraser/Mops,SKK,SWE,
Mudi,https://www.skk.se/sv/hundraser/Mudi,SKK,SWE,
Nederlandse kooikerhondje,https://www.skk.se/sv/hundraser/Nederlandse-kooikerhondje,SKK,SWE,
Nederlandse schapendoes,https://www.skk.se/sv/hundraser/Nederlandse-schapendoes,SKK,SWE,
Newfoundlandshund,https://www.skk.se/sv/hundraser/Newfoundlandshund,SKK,SWE,
Nihon teria,https://www.skk.se/sv/hundraser/Nihon-teria,SKK,SWE,
Norfolkterrier,https://www.skk.se/sv/hundraser/Norfolkterrier,SKK,SWE,
Norrbottenspets,https://www.skk.se/sv/hundraser/Norrbottenspets,SKK,SWE,
Norsk buhund,https://www.skk.se/sv/hundraser/Norsk-buhund,SKK,SWE,
Norsk lundehund,https://www.skk.se/sv/hundraser/Norsk-lundehund,SKK,SWE,
"Norsk älghund, grå (gråhund)","https://www.skk.se/sv/hundraser/Norsk-älghund,-grå-(gråhund)",SKK,SWE,
"Norsk älghund, svart","https://www.skk.se/sv/hundraser/Norsk-älghund,-svart",SKK,SWE,
Norwichterrier,https://www.skk.se/sv/hundraser/Norwichterrier,SKK,SWE,
Nova scotia duck tolling retriever,https://www.skk.se/sv/hundraser/Nova-scotia-duck-tolling-retriever,SKK,SWE,
Ogar polski,https://www.skk.se/sv/hundraser/Ogar-polski,SKK,SWE,
Old english sheepdog,https://www.skk.se/sv/hundraser/Old-english-sheepdog,SKK,SWE,
Otterhound,https://www.skk.se/sv/hundraser/Otterhound,SKK,SWE,
Papillon,https://www.skk.se/sv/hundraser/Papillon,SKK,SWE,
Parson russell terrier,https://www.skk.se/sv/hundraser/Parson-russell-terrier,SKK,SWE,
Pekingese,https://www.skk.se/sv/hundraser/Pekingese,SKK,SWE,
Perdigueiro portugues,https://www.skk.se/sv/hundraser/Perdigueiro-portugues,SKK,SWE,
Perdiguero de burgos,https://www.skk.se/sv/hundraser/Perdiguero-de-burgos,SKK,SWE,
Perro de agua espanol,https://www.skk.se/sv/hundraser/Perro-de-agua-espanol,SKK,SWE,
Perro dogo mallorquín/ca de bou,https://www.skk.se/sv/hundraser/Perro-dogo-mallorquín/ca-de-bou,SKK,SWE,
Perro sin pelo del peru,https://www.skk.se/sv/hundraser/Perro-sin-pelo-del-peru,SKK,SWE,
"Perro sin pelo del perú, grande","https://www.skk.se/sv/hundraser/Perro-sin-pelo-del-perú,-grande",SKK,SWE,
"Perro sin pelo del perú, médio","https://www.skk.se/sv/hundraser/Perro-sin-pelo-del-perú,-médio",SKK,SWE,
"Perro sin pelo del perú, pequeno","https://www.skk.se/sv/hundraser/Perro-sin-pelo-del-perú,-pequeno",SKK,SWE,
Petit basset griffon vendéen,https://www.skk.se/sv/hundraser/Petit-basset-griffon-vendéen,SKK,SWE,
Petit bleu de gascogne,https://www.skk.se/sv/hundraser/Petit-bleu-de-gascogne,SKK,SWE,
Petit brabancon,https://www.skk.se/sv/hundraser/Petit-brabancon,SKK,SWE,
Phalène,https://www.skk.se/sv/hundraser/Phalène,SKK,SWE,
Pinscher,https://www.skk.se/sv/hundraser/Pinscher,SKK,SWE,
Plott,https://www.skk.se/sv/hundraser/Plott,SKK,SWE,
Podenco canario,https://www.skk.se/sv/hundraser/Podenco-canario,SKK,SWE,
"Podenco ibicenco, korthårig","https://www.skk.se/sv/hundraser/Podenco-ibicenco,-korthårig",SKK,SWE,
"Podenco ibicenco, strävhårig","https://www.skk.se/sv/hundraser/Podenco-ibicenco,-strävhårig",SKK,SWE,
"Podengo portugues, cerdoso/grande","https://www.skk.se/sv/hundraser/Podengo-portugues,-cerdoso/grande",SKK,SWE,
"Podengo portugues, cerdoso/médio","https://www.skk.se/sv/hundraser/Podengo-portugues,-cerdoso/médio",SKK,SWE,
"Podengo portugues, cerdoso/pequeno","https://www.skk.se/sv/hundraser/Podengo-portugues,-cerdoso/pequeno",SKK,SWE,
"Podengo portugues, liso/grande","https://www.skk.se/sv/hundraser/Podengo-portugues,-liso/grande",SKK,SWE,
"Podengo portugues, liso/médio","https://www.skk.se/sv/hundraser/Podengo-portugues,-liso/médio",SKK,SWE,
"Podengo portugues, liso/pequeno","https://www.skk.se/sv/hundraser/Podengo-portugues,-liso/pequeno",SKK,SWE,
Pointer,https://www.skk.se/sv/hundraser/Pointer,SKK,SWE,
Poitevin,https://www.skk.se/sv/hundraser/Poitevin,SKK,SWE,
Polski owczarek nizinny,https://www.skk.se/sv/hundraser/Polski-owczarek-nizinny,SKK,SWE,
Polski owczarek podhalanski,https://www.skk.se/sv/hundraser/Polski-owczarek-podhalanski,SKK,SWE,
Polski spaniel mysliwski,https://www.skk.se/sv/hundraser/Polski-spaniel-mysliwski,SKK,SWE,
Pomeranian,https://www.skk.se/sv/hundraser/Pomeranian,SKK,SWE,
Porcelaine,https://www.skk.se/sv/hundraser/Porcelaine,SKK,SWE,
Portugisisk vattenhund,https://www.skk.se/sv/hundraser/Portugisisk-vattenhund,SKK,SWE,
Posavski gonic,https://www.skk.se/sv/hundraser/Posavski-gonic,SKK,SWE,
Prazský krysarík,https://www.skk.se/sv/hundraser/Prazský-krysarík,SKK,SWE,
Presa canario,https://www.skk.se/sv/hundraser/Presa-canario,SKK,SWE,
"Pudel, dvärg","https://www.skk.se/sv/hundraser/Pudel,-dvärg",SKK,SWE,
"Pudel, mellan","https://www.skk.se/sv/hundraser/Pudel,-mellan",SKK,SWE,
"Pudel, stor","https://www.skk.se/sv/hundraser/Pudel,-stor",SKK,SWE,
"Pudel, toy","https://www.skk.se/sv/hundraser/Pudel,-toy",SKK,SWE,
Pudelpointer,https://www.skk.se/sv/hundraser/Pudelpointer,SKK,SWE,
Puli,https://www.skk.se/sv/hundraser/Puli,SKK,SWE,
Pumi,https://www.skk.se/sv/hundraser/Pumi,SKK,SWE,
Pyrenéerhund,https://www.skk.se/sv/hundraser/Pyrenéerhund,SKK,SWE,
Pyreneisk mastiff,https://www.skk.se/sv/hundraser/Pyreneisk-mastiff,SKK,SWE,
Rafeiro do alentejo,https://www.skk.se/sv/hundraser/Rafeiro-do-alentejo,SKK,SWE,
Rastreador brasileiro,https://www.skk.se/sv/hundraser/Rastreador-brasileiro,SKK,SWE,
Rat terrier,https://www.skk.se/sv/hundraser/Rat-terrier,SKK,SWE,
Ratonero bodeguero andaluz,https://www.skk.se/sv/hundraser/Ratonero-bodeguero-andaluz,SKK,SWE,
Rhodesian ridgeback,https://www.skk.se/sv/hundraser/Rhodesian-ridgeback,SKK,SWE,
Riesenschnauzer,https://www.skk.se/sv/hundraser/Riesenschnauzer,SKK,SWE,
"Riesenschnauzer, peppar & salt","https://www.skk.se/sv/hundraser/Riesenschnauzer,-peppar-&-salt",SKK,SWE,
"Riesenschnauzer, svart","https://www.skk.se/sv/hundraser/Riesenschnauzer,-svart",SKK,SWE,
"Riesenschnauzer, svart & silver","https://www.skk.se/sv/hundraser/Riesenschnauzer,-svart-&-silver",SKK,SWE,
Rottweiler,https://www.skk.se/sv/hundraser/Rottweiler,SKK,SWE,
Russkaja gontjaja,https://www.skk.se/sv/hundraser/Russkaja-gontjaja,SKK,SWE,
Russkaja tsvetnaja bolonka,https://www.skk.se/sv/hundraser/Russkaja-tsvetnaja-bolonka,SKK,SWE,
Russkiy toy,https://www.skk.se/sv/hundraser/Russkiy-toy,SKK,SWE,
"Russkiy toy, långhårig","https://www.skk.se/sv/hundraser/Russkiy-toy,-långhårig",SKK,SWE,
"Russkiy toy, släthårig","https://www.skk.se/sv/hundraser/Russkiy-toy,-släthårig",SKK,SWE,
Rysk svart terrier,https://www.skk.se/sv/hundraser/Rysk-svart-terrier,SKK,SWE,
Rysk-europeisk lajka,https://www.skk.se/sv/hundraser/Rysk-europeisk-lajka,SKK,SWE,
Saarloos wolfhond,https://www.skk.se/sv/hundraser/Saarloos-wolfhond,SKK,SWE,
Sabueso espanol,https://www.skk.se/sv/hundraser/Sabueso-espanol,SKK,SWE,
Saluki,https://www.skk.se/sv/hundraser/Saluki,SKK,SWE,
Samojedhund,https://www.skk.se/sv/hundraser/Samojedhund,SKK,SWE,
"Sankt bernhardshund, korthårig","https://www.skk.se/sv/hundraser/Sankt-bernhardshund,-korthårig",SKK,SWE,
"Sankt bernhardshund, långhårig","https://www.skk.se/sv/hundraser/Sankt-bernhardshund,-långhårig",SKK,SWE,
Sarplaninac,https://www.skk.se/sv/hundraser/Sarplaninac,SKK,SWE,
Schillerstövare,https://www.skk.se/sv/hundraser/Schillerstövare,SKK,SWE,
Schillerstövare (rasvård),https://www.skk.se/sv/hundraser/Schillerstövare-(rasvård),SKK,SWE,
Schipperke,https://www.skk.se/sv/hundraser/Schipperke,SKK,SWE,
Schnauzer,https://www.skk.se/sv/hundraser/Schnauzer,SKK,SWE,
"Schnauzer, peppar & salt","https://www.skk.se/sv/hundraser/Schnauzer,-peppar-&-salt",SKK,SWE,
"Schnauzer, svart","https://www.skk.se/sv/hundraser/Schnauzer,-svart",SKK,SWE,
Schweizisk liten stövare/ berner,https://www.skk.se/sv/hundraser/Schweizisk-liten-stövare/-berner,SKK,SWE,
Schweizisk liten stövare/ jura,https://www.skk.se/sv/hundraser/Schweizisk-liten-stövare/-jura,SKK,SWE,
Schweizisk liten stövare/ luzerner,https://www.skk.se/sv/hundraser/Schweizisk-liten-stövare/-luzerner,SKK,SWE,
Schweizisk liten stövare/ schwyzer,https://www.skk.se/sv/hundraser/Schweizisk-liten-stövare/-schwyzer,SKK,SWE,
Schweizisk stövare/ berner,https://www.skk.se/sv/hundraser/Schweizisk-stövare/-berner,SKK,SWE,
Schweizisk stövare/ jura,https://www.skk.se/sv/hundraser/Schweizisk-stövare/-jura,SKK,SWE,
Schweizisk stövare/ luzerner,https://www.skk.se/sv/hundraser/Schweizisk-stövare/-luzerner,SKK,SWE,
Schweizisk stövare/ schwyzer,https://www.skk.se/sv/hundraser/Schweizisk-stövare/-schwyzer,SKK,SWE,
Sealyhamterrier,https://www.skk.se/sv/hundraser/Sealyhamterrier,SKK,SWE,
"Segugio italiano, släthårig","https://www.skk.se/sv/hundraser/Segugio-italiano,-släthårig",SKK,SWE,
"Segugio italiano, strävhårig","https://www.skk.se/sv/hundraser/Segugio-italiano,-strävhårig",SKK,SWE,
Segugio maremmano,https://www.skk.se/sv/hundraser/Segugio-maremmano,SKK,SWE,
Shar pei,https://www.skk.se/sv/hundraser/Shar-pei,SKK,SWE,
Shetland sheepdog,https://www.skk.se/sv/hundraser/Shetland-sheepdog,SKK,SWE,
Shiba,https://www.skk.se/sv/hundraser/Shiba,SKK,SWE,
Shih tzu,https://www.skk.se/sv/hundraser/Shih-tzu,SKK,SWE,
Shikoku,https://www.skk.se/sv/hundraser/Shikoku,SKK,SWE,
Siberian husky,https://www.skk.se/sv/hundraser/Siberian-husky,SKK,SWE,
Silky terrier,https://www.skk.se/sv/hundraser/Silky-terrier,SKK,SWE,
Skk testras x,https://www.skk.se/sv/hundraser/Skk-testras-x,SKK,SWE,
Skotsk hjorthund,https://www.skk.se/sv/hundraser/Skotsk-hjorthund,SKK,SWE,
Skotsk terrier,https://www.skk.se/sv/hundraser/Skotsk-terrier,SKK,SWE,
Skyeterrier,https://www.skk.se/sv/hundraser/Skyeterrier,SKK,SWE,
Sloughi,https://www.skk.se/sv/hundraser/Sloughi,SKK,SWE,
Slovenský cuvac,https://www.skk.se/sv/hundraser/Slovenský-cuvac,SKK,SWE,
Slovenský hrubosrsty stavac (ohar),https://www.skk.se/sv/hundraser/Slovenský-hrubosrsty-stavac-(ohar),SKK,SWE,
Slovenský kopov,https://www.skk.se/sv/hundraser/Slovenský-kopov,SKK,SWE,
Släthårig foxterrier,https://www.skk.se/sv/hundraser/Släthårig-foxterrier,SKK,SWE,
Smålandsstövare,https://www.skk.se/sv/hundraser/Smålandsstövare,SKK,SWE,
Smålandsstövare (rasvård),https://www.skk.se/sv/hundraser/Smålandsstövare-(rasvård),SKK,SWE,
Spinone,https://www.skk.se/sv/hundraser/Spinone,SKK,SWE,
Sredneasiatskaja ovtjarka,https://www.skk.se/sv/hundraser/Sredneasiatskaja-ovtjarka,SKK,SWE,
Srpski gonic,https://www.skk.se/sv/hundraser/Srpski-gonic,SKK,SWE,
Srpski trobojni gonic,https://www.skk.se/sv/hundraser/Srpski-trobojni-gonic,SKK,SWE,
Stabijhoun,https://www.skk.se/sv/hundraser/Stabijhoun,SKK,SWE,
Staffordshire bullterrier,https://www.skk.se/sv/hundraser/Staffordshire-bullterrier,SKK,SWE,
Steirische rauhhaarbracke,https://www.skk.se/sv/hundraser/Steirische-rauhhaarbracke,SKK,SWE,
Strävhårig foxterrier,https://www.skk.se/sv/hundraser/Strävhårig-foxterrier,SKK,SWE,
Strävhårig vorsteh,https://www.skk.se/sv/hundraser/Strävhårig-vorsteh,SKK,SWE,
Sussex spaniel,https://www.skk.se/sv/hundraser/Sussex-spaniel,SKK,SWE,
Svensk lapphund,https://www.skk.se/sv/hundraser/Svensk-lapphund,SKK,SWE,
Svensk vit älghund,https://www.skk.se/sv/hundraser/Svensk-vit-älghund,SKK,SWE,
Taiwan dog,https://www.skk.se/sv/hundraser/Taiwan-dog,SKK,SWE,
Tax,https://www.skk.se/sv/hundraser/Tax,SKK,SWE,
Tenterfield terrier,https://www.skk.se/sv/hundraser/Tenterfield-terrier,SKK,SWE,
Terrier brasileiro,https://www.skk.se/sv/hundraser/Terrier-brasileiro,SKK,SWE,
Thai bangkaew dog,https://www.skk.se/sv/hundraser/Thai-bangkaew-dog,SKK,SWE,
Thai ridgeback dog,https://www.skk.se/sv/hundraser/Thai-ridgeback-dog,SKK,SWE,
Tibetansk mastiff,https://www.skk.se/sv/hundraser/Tibetansk-mastiff,SKK,SWE,
Tibetansk spaniel,https://www.skk.se/sv/hundraser/Tibetansk-spaniel,SKK,SWE,
Tibetansk terrier,https://www.skk.se/sv/hundraser/Tibetansk-terrier,SKK,SWE,
Tirolerbracke,https://www.skk.se/sv/hundraser/Tirolerbracke,SKK,SWE,
Tornjak,https://www.skk.se/sv/hundraser/Tornjak,SKK,SWE,
Tosa,https://www.skk.se/sv/hundraser/Tosa,SKK,SWE,
Treeing walker coonhound,https://www.skk.se/sv/hundraser/Treeing-walker-coonhound,SKK,SWE,
Tysk jaktterrier,https://www.skk.se/sv/hundraser/Tysk-jaktterrier,SKK,SWE,
Tysk schäferhund,https://www.skk.se/sv/hundraser/Tysk-schäferhund,SKK,SWE,
Tysk spets/ grosspitz,https://www.skk.se/sv/hundraser/Tysk-spets/-grosspitz,SKK,SWE,
Tysk spets/ kleinspitz,https://www.skk.se/sv/hundraser/Tysk-spets/-kleinspitz,SKK,SWE,
Tysk spets/ mittelspitz,https://www.skk.se/sv/hundraser/Tysk-spets/-mittelspitz,SKK,SWE,
"Ungersk vizsla, korthårig","https://www.skk.se/sv/hundraser/Ungersk-vizsla,-korthårig",SKK,SWE,
"Ungersk vizsla, strävhårig","https://www.skk.se/sv/hundraser/Ungersk-vizsla,-strävhårig",SKK,SWE,
Vit herdehund,https://www.skk.se/sv/hundraser/Vit-herdehund,SKK,SWE,
Volpino italiano,https://www.skk.se/sv/hundraser/Volpino-italiano,SKK,SWE,
Vostotjnoevropejskaja ovtjarka,https://www.skk.se/sv/hundraser/Vostotjnoevropejskaja-ovtjarka,SKK,SWE,
Västgötaspets,https://www.skk.se/sv/hundraser/Västgötaspets,SKK,SWE,
Västsibirisk lajka,https://www.skk.se/sv/hundraser/Västsibirisk-lajka,SKK,SWE,
Wachtelhund,https://www.skk.se/sv/hundraser/Wachtelhund,SKK,SWE,
"Weimaraner, korthårig","https://www.skk.se/sv/hundraser/Weimaraner,-korthårig",SKK,SWE,
"Weimaraner, långhårig","https://www.skk.se/sv/hundraser/Weimaraner,-långhårig",SKK,SWE,
Welsh corgi cardigan,https://www.skk.se/sv/hundraser/Welsh-corgi-cardigan,SKK,SWE,
Welsh corgi pembroke,https://www.skk.se/sv/hundraser/Welsh-corgi-pembroke,SKK,SWE,
Welsh springer spaniel,https://www.skk.se/sv/hundraser/Welsh-springer-spaniel,SKK,SWE,
Welshterrier,https://www.skk.se/sv/hundraser/Welshterrier,SKK,SWE,
West highland white terrier,https://www.skk.se/sv/hundraser/West-highland-white-terrier,SKK,SWE,
Westfälische dachsbracke,https://www.skk.se/sv/hundraser/Westfälische-dachsbracke,SKK,SWE,
Wetterhoun,https://www.skk.se/sv/hundraser/Wetterhoun,SKK,SWE,
Whippet,https://www.skk.se/sv/hundraser/Whippet,SKK,SWE,
Working kelpie,https://www.skk.se/sv/hundraser/Working-kelpie,SKK,SWE,
Xoloitzcuintle,https://www.skk.se/sv/hundraser/Xoloitzcuintle,SKK,SWE,
"Xoloitzcuintle, liten","https://www.skk.se/sv/hundraser/Xoloitzcuintle,-liten",SKK,SWE,
"Xoloitzcuintle, mellan","https://www.skk.se/sv/hundraser/Xoloitzcuintle,-mellan",SKK,SWE,
"Xoloitzcuintle, stor","https://www.skk.se/sv/hundraser/Xoloitzcuintle,-stor",SKK,SWE,
Yorkshireterrier,https://www.skk.se/sv/hundraser/Yorkshireterrier,SKK,SWE,
Österreichischer pinscher,https://www.skk.se/sv/hundraser/Österreichischer-pinscher,SKK,SWE,
Östsibirisk lajka,https://www.skk.se/sv/hundraser/Östsibirisk-lajka,SKK,SWE,
