Affenpinscher,https://en.wikipedia.org/wiki/Affenpinscher
Afghan Hound,https://en.wikipedia.org/wiki/Afghan_Hound
Africanis,https://en.wikipedia.org/wiki/Africanis
Aidi,https://en.wikipedia.org/wiki/Aidi
Airedale Terrier,https://en.wikipedia.org/wiki/Airedale_Terrier
Akbash,https://en.wikipedia.org/wiki/Akbash
Akita,https://en.wikipedia.org/wiki/Akita_(dog)
Aksaray Malaklisi,https://en.wikipedia.org/wiki/Aksaray_Malaklisi
Alano Español,https://en.wikipedia.org/wiki/Alano_Espa%C3%B1ol
Alapaha Blue Blood Bulldog,https://en.wikipedia.org/wiki/Alapaha_Blue_Blood_Bulldog
Alaskan husky,https://en.wikipedia.org/wiki/Alaskan_husky
Alaskan Klee Kai,https://en.wikipedia.org/wiki/Alaskan_Klee_Kai
Alaskan Malamute,https://en.wikipedia.org/wiki/Alaskan_Malamute
Alopekis,https://en.wikipedia.org/wiki/Alopekis
Alpine Dachsbracke,https://en.wikipedia.org/wiki/Alpine_Dachsbracke
American Bulldog,https://en.wikipedia.org/wiki/American_Bulldog
American Bully,https://en.wikipedia.org/wiki/American_Bully
American Cocker Spaniel,https://en.wikipedia.org/wiki/American_Cocker_Spaniel
American English Coonhound,https://en.wikipedia.org/wiki/American_English_Coonhound
American Eskimo Dog,https://en.wikipedia.org/wiki/American_Eskimo_Dog
American Foxhound,https://en.wikipedia.org/wiki/American_Foxhound
American Hairless Terrier,https://en.wikipedia.org/wiki/American_Hairless_Terrier
American Pit Bull Terrier,https://en.wikipedia.org/wiki/American_Pit_Bull_Terrier
American Staffordshire Terrier,https://en.wikipedia.org/wiki/American_Staffordshire_Terrier
American Water Spaniel,https://en.wikipedia.org/wiki/American_Water_Spaniel
Andalusian Hound,https://en.wikipedia.org/wiki/Andalusian_Hound
Anglo-Français de Petite Vénerie,https://en.wikipedia.org/wiki/Anglo-Fran%C3%A7ais_de_Petite_V%C3%A9nerie
Appenzeller Sennenhund,https://en.wikipedia.org/wiki/Appenzeller_Sennenhund
Ariegeois,https://en.wikipedia.org/wiki/Ariegeois
Armant,https://en.wikipedia.org/wiki/Armant_(dog)
Armenian Gampr dog,https://en.wikipedia.org/wiki/Armenian_Gampr_dog
Artois Hound,https://en.wikipedia.org/wiki/Artois_Hound
Assyrian Mastiff,https://en.wikipedia.org/wiki/Assyrian_Mastiff
Australian Cattle Dog,https://en.wikipedia.org/wiki/Australian_Cattle_Dog
Australian Kelpie,https://en.wikipedia.org/wiki/Australian_Kelpie
Australian Shepherd,https://en.wikipedia.org/wiki/Australian_Shepherd
Australian Stumpy Tail Cattle Dog,https://en.wikipedia.org/wiki/Australian_Stumpy_Tail_Cattle_Dog
Australian Terrier,https://en.wikipedia.org/wiki/Australian_Terrier
Austrian Black and Tan Hound,https://en.wikipedia.org/wiki/Austrian_Black_and_Tan_Hound
Austrian Pinscher,https://en.wikipedia.org/wiki/Austrian_Pinscher
Azawakh,https://en.wikipedia.org/wiki/Azawakh
Bakharwal dog,https://en.wikipedia.org/wiki/Bakharwal_dog
Banjara Hound,https://en.wikipedia.org/wiki/Banjara_Hound
Barbado da Terceira,https://en.wikipedia.org/wiki/Barbado_da_Terceira
Barbet,https://en.wikipedia.org/wiki/Barbet_(dog)
Basenji,https://en.wikipedia.org/wiki/Basenji
Basque Shepherd Dog,https://en.wikipedia.org/wiki/Basque_Shepherd_Dog
Basset Artésien Normand,https://en.wikipedia.org/wiki/Basset_Art%C3%A9sien_Normand
Basset Bleu de Gascogne,https://en.wikipedia.org/wiki/Basset_Bleu_de_Gascogne
Basset Fauve de Bretagne,https://en.wikipedia.org/wiki/Basset_Fauve_de_Bretagne
Basset Hound,https://en.wikipedia.org/wiki/Basset_Hound
Bavarian Mountain Hound,https://en.wikipedia.org/wiki/Bavarian_Mountain_Hound
Beagle,https://en.wikipedia.org/wiki/Beagle
Beagle-Harrier,https://en.wikipedia.org/wiki/Beagle-Harrier
Belgian Shepherd,https://en.wikipedia.org/wiki/Belgian_Shepherd
Bearded Collie,https://en.wikipedia.org/wiki/Bearded_Collie
Beauceron,https://en.wikipedia.org/wiki/Beauceron
Bedlington Terrier,https://en.wikipedia.org/wiki/Bedlington_Terrier
Bergamasco Shepherd,https://en.wikipedia.org/wiki/Bergamasco_Shepherd
Berger Picard,https://en.wikipedia.org/wiki/Berger_Picard
Bernese Mountain Dog,https://en.wikipedia.org/wiki/Bernese_Mountain_Dog
Bichon Frisé,https://en.wikipedia.org/wiki/Bichon_Fris%C3%A9
Billy,https://en.wikipedia.org/wiki/Billy_(dog)
Black and Tan Coonhound,https://en.wikipedia.org/wiki/Black_and_Tan_Coonhound
Black Norwegian Elkhound,https://en.wikipedia.org/wiki/Black_Norwegian_Elkhound
Black Russian Terrier,https://en.wikipedia.org/wiki/Black_Russian_Terrier
Black Mouth Cur,https://en.wikipedia.org/wiki/Black_Mouth_Cur
Bloodhound,https://en.wikipedia.org/wiki/Bloodhound
Blue Lacy,https://en.wikipedia.org/wiki/Blue_Lacy
Blue Picardy Spaniel,https://en.wikipedia.org/wiki/Blue_Picardy_Spaniel
Bluetick Coonhound,https://en.wikipedia.org/wiki/Bluetick_Coonhound
Boerboel,https://en.wikipedia.org/wiki/Boerboel
Bohemian Shepherd,https://en.wikipedia.org/wiki/Bohemian_Shepherd
Bolognese,https://en.wikipedia.org/wiki/Bolognese_dog
Border Collie,https://en.wikipedia.org/wiki/Border_Collie
Border Terrier,https://en.wikipedia.org/wiki/Border_Terrier
Borzoi,https://en.wikipedia.org/wiki/Borzoi
Bosnian Coarse-haired Hound,https://en.wikipedia.org/wiki/Barak_hound
Boston Terrier,https://en.wikipedia.org/wiki/Boston_Terrier
Bouvier des Ardennes,https://en.wikipedia.org/wiki/Bouvier_des_Ardennes
Bouvier des Flandres,https://en.wikipedia.org/wiki/Bouvier_des_Flandres
Boxer,https://en.wikipedia.org/wiki/Boxer_(dog)
Boykin Spaniel,https://en.wikipedia.org/wiki/Boykin_Spaniel
Bracco Italiano,https://en.wikipedia.org/wiki/Bracco_Italiano
Braque d'Auvergne,https://en.wikipedia.org/wiki/Braque_d%27Auvergne
Braque de l'Ariège,https://en.wikipedia.org/wiki/Ariege_Pointer
Braque du Bourbonnais,https://en.wikipedia.org/wiki/Braque_du_Bourbonnais
Braque Francais,https://en.wikipedia.org/wiki/Braque_Francais
Braque Saint-Germain,https://en.wikipedia.org/wiki/Braque_Saint-Germain
Briard,https://en.wikipedia.org/wiki/Briard
Briquet Griffon Vendéen,https://en.wikipedia.org/wiki/Briquet_Griffon_Vend%C3%A9en
Brittany,https://en.wikipedia.org/wiki/Brittany_(dog)
Broholmer,https://en.wikipedia.org/wiki/Broholmer
Bruno Jura Hound,https://en.wikipedia.org/wiki/Bruno_Jura_Hound
Brussels Griffon,https://en.wikipedia.org/wiki/Griffon_Bruxellois
Bucovina Shepherd Dog,https://en.wikipedia.org/wiki/Bucovina_Shepherd_Dog
Bull Arab,https://en.wikipedia.org/wiki/Bull_Arab
Bull Terrier,https://en.wikipedia.org/wiki/Bull_Terrier
Bulldog,https://en.wikipedia.org/wiki/Bulldog
Bullmastiff,https://en.wikipedia.org/wiki/Bullmastiff
Bully Kutta,https://en.wikipedia.org/wiki/Bully_Kutta
Burgos Pointer,https://en.wikipedia.org/wiki/Burgos_Pointer
Buryat-Mongolian Wolfhound,https://en.wikipedia.org/wiki/Buryat-Mongolian_Wolfhound
Ca de Bou,https://en.wikipedia.org/wiki/Ca_de_Bou
Ca Mè Mallorquí,https://en.wikipedia.org/wiki/Ca_M%C3%A8_Mallorqu%C3%AD
Cairn Terrier,https://en.wikipedia.org/wiki/Cairn_Terrier
Calupoh,https://en.wikipedia.org/wiki/Calupoh
Campeiro Bulldog,https://en.wikipedia.org/wiki/Campeiro_Bulldog
Can de Chira,https://en.wikipedia.org/wiki/Can_de_Chira
Can de Palleiro,https://en.wikipedia.org/wiki/Can_de_Palleiro
Canaan Dog,https://en.wikipedia.org/wiki/Canaan_Dog
Canadian Eskimo Dog,https://en.wikipedia.org/wiki/Canadian_Eskimo_Dog
Cane Corso,https://en.wikipedia.org/wiki/Cane_Corso
Cane di Oropa,https://en.wikipedia.org/wiki/Cane_di_Oropa
Cane Paratore,https://en.wikipedia.org/wiki/Cane_Paratore
Cantabrian Water Dog,https://en.wikipedia.org/wiki/Cantabrian_Water_Dog
Cão da Serra de Aires,https://en.wikipedia.org/wiki/C%C3%A3o_da_Serra_de_Aires
Cão de Castro Laboreiro,https://en.wikipedia.org/wiki/C%C3%A3o_de_Castro_Laboreiro
Cão de Gado Transmontano,https://en.wikipedia.org/wiki/C%C3%A3o_de_Gado_Transmontano
Cão Fila de São Miguel,https://en.wikipedia.org/wiki/C%C3%A3o_Fila_de_S%C3%A3o_Miguel
Cardigan Welsh Corgi,https://en.wikipedia.org/wiki/Cardigan_Welsh_Corgi
[99],https://en.wikipedia.org#cite_note-FOOTNOTEHancock2014a119-99
Carea Leonés,https://en.wikipedia.org/wiki/Carea_Leon%C3%A9s
Carolina Dog,https://en.wikipedia.org/wiki/Carolina_Dog
Carpathian Shepherd Dog,https://en.wikipedia.org/wiki/Carpathian_Shepherd_Dog
Catahoula Leopard Dog,https://en.wikipedia.org/wiki/Catahoula_Leopard_Dog
Catalan Sheepdog,https://en.wikipedia.org/wiki/Catalan_Sheepdog
Caucasian Shepherd Dog,https://en.wikipedia.org/wiki/Caucasian_Shepherd_Dog
Cavalier King Charles Spaniel,https://en.wikipedia.org/wiki/Cavalier_King_Charles_Spaniel
Central Asian Shepherd Dog,https://en.wikipedia.org/wiki/Central_Asian_Shepherd_Dog
Cesky Fousek,https://en.wikipedia.org/wiki/Cesky_Fousek
Cesky Terrier,https://en.wikipedia.org/wiki/Cesky_Terrier
Chesapeake Bay Retriever,https://en.wikipedia.org/wiki/Chesapeake_Bay_Retriever
Chien Français Blanc et Noir,https://en.wikipedia.org/wiki/Chien_Fran%C3%A7ais_Blanc_et_Noir
Chien Français Blanc et Orange,https://en.wikipedia.org/wiki/Chien_Fran%C3%A7ais_Blanc_et_Orange
Chien Français Tricolore,https://en.wikipedia.org/wiki/Chien_Fran%C3%A7ais_Tricolore
Chihuahua,https://en.wikipedia.org/wiki/Chihuahua_(dog)
Chilean Terrier,https://en.wikipedia.org/wiki/Chilean_Terrier
Chinese Crested Dog,https://en.wikipedia.org/wiki/Chinese_Crested_Dog
Chinook,https://en.wikipedia.org/wiki/Chinook_(dog)
Chippiparai,https://en.wikipedia.org/wiki/Chippiparai
Chongqing dog,https://en.wikipedia.org/wiki/Chongqing_dog
Chortai,https://en.wikipedia.org/wiki/Chortai
Chow Chow,https://en.wikipedia.org/wiki/Chow_Chow
Chukotka sled dog,https://en.wikipedia.org/wiki/Chukotka_sled_dog
Cimarrón Uruguayo,https://en.wikipedia.org/wiki/Cimarr%C3%B3n_Uruguayo
Cirneco dell'Etna,https://en.wikipedia.org/wiki/Cirneco_dell%27Etna
Clumber Spaniel,https://en.wikipedia.org/wiki/Clumber_Spaniel
Colombian fino hound,https://en.wikipedia.org/wiki/Colombian_fino_hound
Continental bulldog,https://en.wikipedia.org/wiki/Continental_bulldog
Coton de Tulear,https://en.wikipedia.org/wiki/Coton_de_Tulear
Cretan Hound,https://en.wikipedia.org/wiki/Cretan_Hound
Croatian Sheepdog,https://en.wikipedia.org/wiki/Croatian_Sheepdog
Curly-Coated Retriever,https://en.wikipedia.org/wiki/Curly_Coated_Retriever
Cursinu,https://en.wikipedia.org/wiki/Cursinu
Czechoslovakian Wolfdog,https://en.wikipedia.org/wiki/Czechoslovakian_Wolfdog
Dachshund,https://en.wikipedia.org/wiki/Dachshund
Dalmatian,https://en.wikipedia.org/wiki/Dalmatian_(dog)
Dandie Dinmont Terrier,https://en.wikipedia.org/wiki/Dandie_Dinmont_Terrier
Danish Spitz,https://en.wikipedia.org/wiki/Danish_Spitz
Danish-Swedish Farmdog,https://en.wikipedia.org/wiki/Danish-Swedish_Farmdog
Denmark Feist,https://en.wikipedia.org/wiki/Denmark_Feist
Dingo,https://en.wikipedia.org/wiki/Dingo
Dobermann,https://en.wikipedia.org/wiki/Dobermann
Dogo Argentino,https://en.wikipedia.org/wiki/Dogo_Argentino
Dogo Guatemalteco,https://en.wikipedia.org/wiki/Guatemalan_Dogo
Dogo Sardesco,https://en.wikipedia.org/wiki/List_of_Italian_dog_breeds
Dogue Brasileiro,https://en.wikipedia.org/wiki/Dogue_Brasileiro
Dogue de Bordeaux,https://en.wikipedia.org/wiki/Dogue_de_Bordeaux
Drentse Patrijshond,https://en.wikipedia.org/wiki/Drentse_Patrijshond
Drever,https://en.wikipedia.org/wiki/Drever
Dunker,https://en.wikipedia.org/wiki/Dunker
Dutch Shepherd,https://en.wikipedia.org/wiki/Dutch_Shepherd
Dutch Smoushond,https://en.wikipedia.org/wiki/Dutch_Smoushond
East Siberian Laika,https://en.wikipedia.org/wiki/East_Siberian_Laika
East European Shepherd,https://en.wikipedia.org/wiki/East-European_Shepherd
Ecuadorian Hairless Dog,https://en.wikipedia.org/wiki/Ecuadorian_Hairless_Dog
English Cocker Spaniel,https://en.wikipedia.org/wiki/English_Cocker_Spaniel
English Foxhound,https://en.wikipedia.org/wiki/English_Foxhound
English Mastiff,https://en.wikipedia.org/wiki/English_Mastiff
English Setter,https://en.wikipedia.org/wiki/English_Setter
English Shepherd,https://en.wikipedia.org/wiki/English_Shepherd
English Springer Spaniel,https://en.wikipedia.org/wiki/English_Springer_Spaniel
English Toy Terrier (Black & Tan),https://en.wikipedia.org/wiki/English_Toy_Terrier_(Black_%26_Tan)
Entlebucher Mountain Dog,https://en.wikipedia.org/wiki/Entlebucher_Mountain_Dog
Estonian Hound,https://en.wikipedia.org/wiki/Estonian_Hound
Estrela Mountain Dog,https://en.wikipedia.org/wiki/Estrela_Mountain_Dog
Eurasier,https://en.wikipedia.org/wiki/Eurasier
Field Spaniel,https://en.wikipedia.org/wiki/Field_Spaniel
Fila Brasileiro,https://en.wikipedia.org/wiki/Fila_Brasileiro
Finnish Hound,https://en.wikipedia.org/wiki/Finnish_Hound
Finnish Lapphund,https://en.wikipedia.org/wiki/Finnish_Lapphund
Finnish Spitz,https://en.wikipedia.org/wiki/Finnish_Spitz
Flat-Coated Retriever,https://en.wikipedia.org/wiki/Flat-coated_Retriever
French Bulldog,https://en.wikipedia.org/wiki/French_Bulldog
French Spaniel,https://en.wikipedia.org/wiki/French_Spaniel
Galgo Español,https://en.wikipedia.org/wiki/Galgo_Espa%C3%B1ol
Garafian Shepherd,https://en.wikipedia.org/wiki/Garafian_Shepherd
Gascon Saintongeois,https://en.wikipedia.org/wiki/Gascon_Saintongeois
Georgian Shepherd,https://en.wikipedia.org/wiki/Georgian_Shepherd
German Hound,https://en.wikipedia.org/wiki/German_Hound
German Longhaired Pointer,https://en.wikipedia.org/wiki/German_Longhaired_Pointer
German Pinscher,https://en.wikipedia.org/wiki/German_Pinscher
German Roughhaired Pointer,https://en.wikipedia.org/wiki/German_Roughhaired_Pointer
German Shepherd,https://en.wikipedia.org/wiki/German_Shepherd
German Shorthaired Pointer,https://en.wikipedia.org/wiki/German_Shorthaired_Pointer
German Spaniel,https://en.wikipedia.org/wiki/German_Spaniel
German Spitz,https://en.wikipedia.org/wiki/German_Spitz
German Wirehaired Pointer,https://en.wikipedia.org/wiki/German_Wirehaired_Pointer
Giant Schnauzer,https://en.wikipedia.org/wiki/Giant_Schnauzer
Glen of Imaal Terrier,https://en.wikipedia.org/wiki/Glen_of_Imaal_Terrier
Golden Retriever,https://en.wikipedia.org/wiki/Golden_Retriever
Gończy Polski,https://en.wikipedia.org/wiki/Go%C5%84czy_Polski
Gordon Setter,https://en.wikipedia.org/wiki/Gordon_Setter
Grand Anglo-Français Blanc et Noir,https://en.wikipedia.org/wiki/Grand_Anglo-Fran%C3%A7ais_Blanc_et_Noir
Grand Anglo-Français Blanc et Orange,https://en.wikipedia.org/wiki/Grand_Anglo-Fran%C3%A7ais_Blanc_et_Orange
Grand Anglo-Français Tricolore,https://en.wikipedia.org/wiki/Grand_Anglo-Fran%C3%A7ais_Tricolore
Grand Basset Griffon Vendéen,https://en.wikipedia.org/wiki/Grand_Basset_Griffon_Vend%C3%A9en
Grand Bleu de Gascogne,https://en.wikipedia.org/wiki/Grand_Bleu_de_Gascogne
Grand Griffon Vendéen,https://en.wikipedia.org/wiki/Grand_Griffon_Vend%C3%A9en
Great Dane,https://en.wikipedia.org/wiki/Great_Dane
Greater Swiss Mountain Dog,https://en.wikipedia.org/wiki/Greater_Swiss_Mountain_Dog
Greek Harehound,https://en.wikipedia.org/wiki/Greek_Harehound
Greek Shepherd,https://en.wikipedia.org/wiki/Greek_Shepherd
Greenland Dog,https://en.wikipedia.org/wiki/Greenland_Dog
Greyhound,https://en.wikipedia.org/wiki/Greyhound
Griffon Bleu de Gascogne,https://en.wikipedia.org/wiki/Griffon_Bleu_de_Gascogne
Griffon Fauve de Bretagne,https://en.wikipedia.org/wiki/Griffon_Fauve_de_Bretagne
Griffon Nivernais,https://en.wikipedia.org/wiki/Griffon_Nivernais
Gull Dong,https://en.wikipedia.org/wiki/Gull_Dong
Gull Terrier,https://en.wikipedia.org/wiki/Gull_Terrier
Hällefors Elkhound,https://en.wikipedia.org/wiki/H%C3%A4llefors_Elkhound
Halden Hound,https://en.wikipedia.org/wiki/Halden_Hound
Hamiltonstövare,https://en.wikipedia.org/wiki/Hamiltonst%C3%B6vare
Hanover Hound,https://en.wikipedia.org/wiki/Hanover_Hound
Harrier,https://en.wikipedia.org/wiki/Harrier_(dog)
Havanese,https://en.wikipedia.org/wiki/Havanese_dog
Himalayan Sheepdog,https://en.wikipedia.org/wiki/Himalayan_Sheepdog
Hierran Wolfdog,https://en.wikipedia.org/wiki/Hierran_Wolfdog
Hokkaido,https://en.wikipedia.org/wiki/Hokkaido_(dog)
Hovawart,https://en.wikipedia.org/wiki/Hovawart
Huntaway,https://en.wikipedia.org/wiki/Huntaway
Hygen Hound,https://en.wikipedia.org/wiki/Hygen_Hound
Ibizan Hound,https://en.wikipedia.org/wiki/Ibizan_Hound
Icelandic Sheepdog,https://en.wikipedia.org/wiki/Icelandic_Sheepdog
Indian pariah dog,https://en.wikipedia.org/wiki/Indian_pariah_dog
Indian Spitz,https://en.wikipedia.org/wiki/Indian_Spitz
Irish Red and White Setter,https://en.wikipedia.org/wiki/Irish_Red_and_White_Setter
Irish Setter,https://en.wikipedia.org/wiki/Irish_Setter
Irish Terrier,https://en.wikipedia.org/wiki/Irish_Terrier
Irish Water Spaniel,https://en.wikipedia.org/wiki/Irish_Water_Spaniel
Irish Wolfhound,https://en.wikipedia.org/wiki/Irish_Wolfhound
Istrian Coarse-haired Hound,https://en.wikipedia.org/wiki/Istrian_Coarse-haired_Hound
Istrian Shorthaired Hound,https://en.wikipedia.org/wiki/Istrian_Shorthaired_Hound
Italian Greyhound,https://en.wikipedia.org/wiki/Italian_Greyhound
Jack Russell Terrier,https://en.wikipedia.org/wiki/Jack_Russell_Terrier
Jagdterrier,https://en.wikipedia.org/wiki/Jagdterrier
Japanese Chin,https://en.wikipedia.org/wiki/Japanese_Chin
Japanese Spitz,https://en.wikipedia.org/wiki/Japanese_Spitz
Japanese Terrier,https://en.wikipedia.org/wiki/Japanese_Terrier
Jindo,https://en.wikipedia.org/wiki/Korean_Jindo
Jonangi,https://en.wikipedia.org/wiki/Jonangi
Kai Ken,https://en.wikipedia.org/wiki/Kai_Ken
Kaikadi,https://en.wikipedia.org/wiki/Kaikadi_(dog)
Kangal Shepherd Dog,https://en.wikipedia.org/wiki/Kangal_Shepherd_Dog
Kanni,https://en.wikipedia.org/wiki/Kanni
Karakachan dog,https://en.wikipedia.org/wiki/Karakachan_dog
Karelian Bear Dog,https://en.wikipedia.org/wiki/Karelian_Bear_Dog
Kars,https://en.wikipedia.org/wiki/Kars_dog
Karst Shepherd,https://en.wikipedia.org/wiki/Karst_Shepherd
Keeshond,https://en.wikipedia.org/wiki/Keeshond
Kerry Beagle,https://en.wikipedia.org/wiki/Kerry_Beagle
Kerry Blue Terrier,https://en.wikipedia.org/wiki/Kerry_Blue_Terrier
[194],https://en.wikipedia.org#cite_note-FOOTNOTEMorris2001596-195
King Charles Spaniel,https://en.wikipedia.org/wiki/King_Charles_Spaniel
King Shepherd,https://en.wikipedia.org/wiki/King_Shepherd
Kintamani,https://en.wikipedia.org/wiki/Kintamani_(dog)
Kishu,https://en.wikipedia.org/wiki/Kishu
Kokoni,https://en.wikipedia.org/wiki/Kokoni
Kombai,https://en.wikipedia.org/wiki/Kombai_(dog)
Komondor,https://en.wikipedia.org/wiki/Komondor
Kooikerhondje,https://en.wikipedia.org/wiki/Kooikerhondje
Koolie,https://en.wikipedia.org/wiki/Koolie
Koyun dog,https://en.wikipedia.org/wiki/Koyun_dog
Kromfohrländer,https://en.wikipedia.org/wiki/Kromfohrl%C3%A4nder
Kuchi,https://en.wikipedia.org/wiki/Kuchi_dog
Kuvasz,https://en.wikipedia.org/wiki/Kuvasz
Labrador Retriever,https://en.wikipedia.org/wiki/Labrador_Retriever
Lagotto Romagnolo,https://en.wikipedia.org/wiki/Lagotto_Romagnolo
Lakeland Terrier,https://en.wikipedia.org/wiki/Lakeland_Terrier
Lancashire Heeler,https://en.wikipedia.org/wiki/Lancashire_Heeler
Landseer,https://en.wikipedia.org/wiki/Landseer_(dog)
Lapponian Herder,https://en.wikipedia.org/wiki/Lapponian_Herder
Large Münsterländer,https://en.wikipedia.org/wiki/Large_M%C3%BCnsterl%C3%A4nder
Leonberger,https://en.wikipedia.org/wiki/Leonberger
Levriero Sardo,https://en.wikipedia.org/wiki/Levriero_Sardo
Lhasa Apso,https://en.wikipedia.org/wiki/Lhasa_Apso
Liangshan Dog,https://en.wikipedia.org/wiki/Liangshan_Dog
Lithuanian Hound,https://en.wikipedia.org/wiki/Lithuanian_Hound
Lobito Herreño,https://en.wikipedia.org/wiki/Lobito_Herre%C3%B1o
Löwchen,https://en.wikipedia.org/wiki/L%C3%B6wchen
Lupo Italiano,https://en.wikipedia.org/wiki/Lupo_Italiano
Mackenzie River husky,https://en.wikipedia.org/wiki/Mackenzie_River_husky
Magyar agár,https://en.wikipedia.org/wiki/Magyar_ag%C3%A1r
Mahratta Greyhound,https://en.wikipedia.org/wiki/Mahratta_Greyhound
Maltese,https://en.wikipedia.org/wiki/Maltese_(dog)
Manchester Terrier,https://en.wikipedia.org/wiki/Manchester_Terrier
Maneto,https://en.wikipedia.org/wiki/Maneto
Maremmano-Abruzzese Sheepdog,https://en.wikipedia.org/wiki/Maremmano-Abruzzese_Sheepdog
McNab dog,https://en.wikipedia.org/wiki/McNab_dog
Miniature American Shepherd,https://en.wikipedia.org/wiki/Miniature_American_Shepherd
Miniature Bull Terrier,https://en.wikipedia.org/wiki/Miniature_Bull_Terrier
Miniature Fox Terrier,https://en.wikipedia.org/wiki/Miniature_Fox_Terrier
Miniature Pinscher,https://en.wikipedia.org/wiki/Miniature_Pinscher
Miniature Schnauzer,https://en.wikipedia.org/wiki/Miniature_Schnauzer
Molossus of Epirus,https://en.wikipedia.org/wiki/Molossus_of_Epirus
Montenegrin Mountain Hound,https://en.wikipedia.org/wiki/Montenegrin_Mountain_Hound
Mountain Cur,https://en.wikipedia.org/wiki/Mountain_Cur
Mountain Feist,https://en.wikipedia.org/wiki/Mountain_Feist
[211],https://en.wikipedia.org#cite_note-FOOTNOTEMorris2001707-212
Mudhol Hound,https://en.wikipedia.org/wiki/Mudhol_Hound
Mudi,https://en.wikipedia.org/wiki/Mudi
Neapolitan Mastiff,https://en.wikipedia.org/wiki/Neapolitan_Mastiff
Nenets Herding Laika,https://en.wikipedia.org/wiki/Nenets_Herding_Laika
New Guinea singing dog,https://en.wikipedia.org/wiki/New_Guinea_singing_dog
New Zealand Heading Dog,https://en.wikipedia.org/wiki/New_Zealand_Heading_Dog
Newfoundland,https://en.wikipedia.org/wiki/Newfoundland_(dog)
Norfolk Terrier,https://en.wikipedia.org/wiki/Norfolk_Terrier
Norrbottenspets,https://en.wikipedia.org/wiki/Norrbottenspets
Northern Inuit Dog,https://en.wikipedia.org/wiki/Northern_Inuit_Dog
Norwegian Buhund,https://en.wikipedia.org/wiki/Norwegian_Buhund
Norwegian Elkhound,https://en.wikipedia.org/wiki/Norwegian_Elkhound
Norwegian Lundehund,https://en.wikipedia.org/wiki/Norwegian_Lundehund
Norwich Terrier,https://en.wikipedia.org/wiki/Norwich_Terrier
Nova Scotia Duck Tolling Retriever,https://en.wikipedia.org/wiki/Nova_Scotia_Duck_Tolling_Retriever
Old Danish Pointer,https://en.wikipedia.org/wiki/Old_Danish_Pointer
Old English Sheepdog,https://en.wikipedia.org/wiki/Old_English_Sheepdog
Old English Terrier,https://en.wikipedia.org/wiki/Old_English_Terrier
Olde English Bulldogge,https://en.wikipedia.org/wiki/Olde_English_Bulldogge
Otterhound,https://en.wikipedia.org/wiki/Otterhound
Pachon Navarro,https://en.wikipedia.org/wiki/Pachon_Navarro
Pampas Deerhound,https://en.wikipedia.org/wiki/Pampas_Deerhound
Papillon,https://en.wikipedia.org/wiki/Papillon_(dog)
Parson Russell Terrier,https://en.wikipedia.org/wiki/Parson_Russell_Terrier
Pastore della Lessinia e del Lagorai,https://en.wikipedia.org/wiki/Pastore_della_Lessinia_e_del_Lagorai
Patagonian Sheepdog,https://en.wikipedia.org/wiki/Patagonian_Sheepdog
Patterdale Terrier,https://en.wikipedia.org/wiki/Patterdale_Terrier
Pekingese,https://en.wikipedia.org/wiki/Pekingese
Pembroke Welsh Corgi,https://en.wikipedia.org/wiki/Pembroke_Welsh_Corgi
Perro Majorero,https://en.wikipedia.org/wiki/Perro_Majorero
Perro de Pastor Mallorquin,https://en.wikipedia.org/wiki/Majorca_Shepherd_Dog
Perro de Presa Canario,https://en.wikipedia.org/wiki/Perro_de_Presa_Canario
Perro de Presa Mallorquin,https://en.wikipedia.org/wiki/Ca_de_Bou
Peruvian Inca Orchid,https://en.wikipedia.org/wiki/Peruvian_Hairless_Dog
Petit Basset Griffon Vendéen,https://en.wikipedia.org/wiki/Petit_Basset_Griffon_Vend%C3%A9en
Petit Bleu de Gascogne,https://en.wikipedia.org/wiki/Petit_Bleu_de_Gascogne
Phalène,https://en.wikipedia.org/wiki/Phal%C3%A8ne
Pharaoh Hound,https://en.wikipedia.org/wiki/Pharaoh_Hound
Phu Quoc Ridgeback,https://en.wikipedia.org/wiki/Phu_Quoc_Ridgeback
Picardy Spaniel,https://en.wikipedia.org/wiki/Picardy_Spaniel
Plummer Terrier,https://en.wikipedia.org/wiki/Plummer_Terrier
Plott Hound,https://en.wikipedia.org/wiki/Plott_Hound
Podenco Canario,https://en.wikipedia.org/wiki/Podenco_Canario
Podenco Valenciano,https://en.wikipedia.org/wiki/Podenco_Valenciano
Pointer,https://en.wikipedia.org/wiki/Pointer_(dog_breed)
Poitevin,https://en.wikipedia.org/wiki/Poitevin_hound
Polish Greyhound,https://en.wikipedia.org/wiki/Polish_Greyhound
Polish Hound,https://en.wikipedia.org/wiki/Polish_Hound
Polish Lowland Sheepdog,https://en.wikipedia.org/wiki/Polish_Lowland_Sheepdog
Polish Tatra Sheepdog,https://en.wikipedia.org/wiki/Polish_Tatra_Sheepdog
Pomeranian,https://en.wikipedia.org/wiki/Pomeranian_(dog)
Pont-Audemer Spaniel,https://en.wikipedia.org/wiki/Pont-Audemer_Spaniel
Poodle,https://en.wikipedia.org/wiki/Poodle
Porcelaine,https://en.wikipedia.org/wiki/Porcelaine
Portuguese Podengo,https://en.wikipedia.org/wiki/Portuguese_Podengo
Portuguese Pointer,https://en.wikipedia.org/wiki/Portuguese_Pointer
Portuguese Water Dog,https://en.wikipedia.org/wiki/Portuguese_Water_Dog
Posavac Hound,https://en.wikipedia.org/wiki/Posavac_Hound
Pražský Krysařík,https://en.wikipedia.org/wiki/Pra%C5%BEsk%C3%BD_Krysa%C5%99%C3%ADk
Pshdar dog,https://en.wikipedia.org/wiki/Pshdar_dog
Pudelpointer,https://en.wikipedia.org/wiki/Pudelpointer
Pug,https://en.wikipedia.org/wiki/Pug
Puli,https://en.wikipedia.org/wiki/Puli_dog
Pumi,https://en.wikipedia.org/wiki/Pumi_(dog)
Pungsan dog,https://en.wikipedia.org/wiki/Pungsan_dog
Pyrenean Mastiff,https://en.wikipedia.org/wiki/Pyrenean_Mastiff
Pyrenean Mountain Dog,https://en.wikipedia.org/wiki/Pyrenean_Mountain_Dog
Pyrenean Sheepdog,https://en.wikipedia.org/wiki/Pyrenean_Sheepdog
Rafeiro do Alentejo,https://en.wikipedia.org/wiki/Rafeiro_do_Alentejo
Rajapalayam,https://en.wikipedia.org/wiki/Rajapalayam_(dog)
Rampur Greyhound,https://en.wikipedia.org/wiki/Rampur_Greyhound
Rat Terrier,https://en.wikipedia.org/wiki/Rat_Terrier
Ratonero Bodeguero Andaluz,https://en.wikipedia.org/wiki/Ratonero_Bodeguero_Andaluz
Ratonero Mallorquin,https://en.wikipedia.org/wiki/Ca_Rater_Mallorqu%C3%AD
Ratonero Murciano,https://en.wikipedia.org/wiki/Ratonero_Murciano
Ratonero Valenciano,https://en.wikipedia.org/wiki/Ratonero_Valenciano
Redbone Coonhound,https://en.wikipedia.org/wiki/Redbone_Coonhound
Rhodesian Ridgeback,https://en.wikipedia.org/wiki/Rhodesian_Ridgeback
Romanian Mioritic Shepherd Dog,https://en.wikipedia.org/wiki/Romanian_Mioritic_Shepherd_Dog
Romanian Raven Shepherd Dog,https://en.wikipedia.org/wiki/Romanian_Raven_Shepherd_Dog
Rottweiler,https://en.wikipedia.org/wiki/Rottweiler
Rough Collie,https://en.wikipedia.org/wiki/Rough_Collie
Russian Spaniel,https://en.wikipedia.org/wiki/Russian_Spaniel
Russian Toy,https://en.wikipedia.org/wiki/Russkiy_Toy
Russo-European Laika,https://en.wikipedia.org/wiki/Russo-European_Laika
Ryukyu Inu,https://en.wikipedia.org/wiki/Ryukyu_Inu
Saarloos Wolfdog,https://en.wikipedia.org/wiki/Saarloos_wolfdog
Sabueso Español,https://en.wikipedia.org/wiki/Sabueso_Espa%C3%B1ol
Saint Bernard,https://en.wikipedia.org/wiki/St._Bernard_(dog)
Saint Hubert Jura Hound,https://en.wikipedia.org/wiki/St._Hubert_Jura_Hound
Saint-Usuge Spaniel,https://en.wikipedia.org/wiki/Saint-Usuge_Spaniel
Saluki,https://en.wikipedia.org/wiki/Saluki
Samoyed,https://en.wikipedia.org/wiki/Samoyed_(dog)
Sapsali,https://en.wikipedia.org/wiki/Sapsali
Sarabi dog,https://en.wikipedia.org/wiki/Sarabi_dog
Sardinian Shepherd Dog,https://en.wikipedia.org/wiki/Sardinian_Shepherd_Dog
Šarplaninac,https://en.wikipedia.org/wiki/%C5%A0arplaninac
Schapendoes,https://en.wikipedia.org/wiki/Schapendoes
Schillerstövare,https://en.wikipedia.org/wiki/Schillerst%C3%B6vare
Schipperke,https://en.wikipedia.org/wiki/Schipperke
Schweizer Laufhund,https://en.wikipedia.org/wiki/Schweizer_Laufhund
Schweizerischer Niederlaufhund,https://en.wikipedia.org/wiki/Schweizerischer_Niederlaufhund
Scottish Deerhound,https://en.wikipedia.org/wiki/Scottish_Deerhound
Scottish Terrier,https://en.wikipedia.org/wiki/Scottish_Terrier
Sealyham Terrier,https://en.wikipedia.org/wiki/Sealyham_Terrier
Segugio dell'Appennino,https://en.wikipedia.org/wiki/Segugio_dell%27Appennino
Segugio Italiano,https://en.wikipedia.org/wiki/Segugio_Italiano
Segugio Maremmano,https://en.wikipedia.org/wiki/Segugio_Maremmano
Serbian Hound,https://en.wikipedia.org/wiki/Serbian_Hound
Serbian Tricolour Hound,https://en.wikipedia.org/wiki/Serbian_Tricolour_Hound
Serrano Bulldog,https://en.wikipedia.org/wiki/Serrano_Bulldog
Shar Pei,https://en.wikipedia.org/wiki/Shar_Pei
Shetland Sheepdog,https://en.wikipedia.org/wiki/Shetland_Sheepdog
Shiba Inu,https://en.wikipedia.org/wiki/Shiba_Inu
Shih Tzu,https://en.wikipedia.org/wiki/Shih_Tzu
Shikoku,https://en.wikipedia.org/wiki/Shikoku_(dog)
Shiloh Shepherd,https://en.wikipedia.org/wiki/Shiloh_Shepherd_dog
Siberian Husky,https://en.wikipedia.org/wiki/Siberian_Husky
Silken Windhound,https://en.wikipedia.org/wiki/Silken_Windhound
Silky Terrier,https://en.wikipedia.org/wiki/Australian_Silky_Terrier
Sinhala Hound,https://en.wikipedia.org/wiki/Sinhala_Hound
Skye Terrier,https://en.wikipedia.org/wiki/Skye_Terrier
Sloughi,https://en.wikipedia.org/wiki/Sloughi
Slovakian Wirehaired Pointer,https://en.wikipedia.org/wiki/Slovak_Rough-haired_Pointer
Slovenský Cuvac,https://en.wikipedia.org/wiki/Slovak_Cuvac
Slovenský Kopov,https://en.wikipedia.org/wiki/Slovensk%C3%BD_kopov
Smalandstövare,https://en.wikipedia.org/wiki/Smaland_Hound
Small Greek domestic dog,https://en.wikipedia.org/wiki/Small_Greek_domestic_dog
Small Münsterländer,https://en.wikipedia.org/wiki/Small_M%C3%BCnsterl%C3%A4nder
Smooth Collie,https://en.wikipedia.org/wiki/Smooth_Collie
Smooth Fox Terrier,https://en.wikipedia.org/wiki/Smooth_Fox_Terrier
Soft-Coated Wheaten Terrier,https://en.wikipedia.org/wiki/Soft-Coated_Wheaten_Terrier
South Russian Ovcharka,https://en.wikipedia.org/wiki/South_Russian_Ovcharka
Spanish Mastiff,https://en.wikipedia.org/wiki/Spanish_Mastiff
Spanish Water Dog,https://en.wikipedia.org/wiki/Spanish_Water_Dog
Spinone Italiano,https://en.wikipedia.org/wiki/Spinone_Italiano
Sporting Lucas Terrier,https://en.wikipedia.org/wiki/Sporting_Lucas_Terrier
Stabyhoun,https://en.wikipedia.org/wiki/Stabyhoun
Staffordshire Bull Terrier,https://en.wikipedia.org/wiki/Staffordshire_Bull_Terrier
Standard Schnauzer,https://en.wikipedia.org/wiki/Standard_Schnauzer
Stephens Stock,https://en.wikipedia.org/wiki/Stephens_Stock
Styrian Coarse-haired Hound,https://en.wikipedia.org/wiki/Styrian_Coarse-haired_Hound
Sussex Spaniel,https://en.wikipedia.org/wiki/Sussex_Spaniel
Swedish Elkhound,https://en.wikipedia.org/wiki/J%C3%A4mthund
Swedish Lapphund,https://en.wikipedia.org/wiki/Swedish_Lapphund
Swedish Vallhund,https://en.wikipedia.org/wiki/Swedish_Vallhund
Swedish White Elkhound,https://en.wikipedia.org/wiki/J%C3%A4mthund
Taigan,https://en.wikipedia.org/wiki/Taigan
Taiwan Dog,https://en.wikipedia.org/wiki/Taiwan_Dog
Tamaskan Dog,https://en.wikipedia.org/wiki/Tamaskan_Dog
Tang Dog,https://en.wikipedia.org/wiki/Tang_Dog
Tazy,https://en.wikipedia.org/wiki/Tazy
Teddy Roosevelt Terrier,https://en.wikipedia.org/wiki/Teddy_Roosevelt_Terrier
Telomian,https://en.wikipedia.org/wiki/Telomian
Tenterfield Terrier,https://en.wikipedia.org/wiki/Tenterfield_Terrier
Terrier Brasileiro,https://en.wikipedia.org/wiki/Brazilian_Terrier
Thai Bangkaew Dog,https://en.wikipedia.org/wiki/Thai_Bangkaew_Dog
Thai Ridgeback,https://en.wikipedia.org/wiki/Thai_Ridgeback
Tibetan Kyi Apso,https://en.wikipedia.org/wiki/Tibetan_Kyi_Apso
Tibetan Mastiff,https://en.wikipedia.org/wiki/Tibetan_Mastiff
Tibetan Spaniel,https://en.wikipedia.org/wiki/Tibetan_Spaniel
Tibetan Terrier,https://en.wikipedia.org/wiki/Tibetan_Terrier
Tonya Finosu,https://en.wikipedia.org/wiki/Tonya_Finosu
[174],https://en.wikipedia.org#cite_note-FOOTNOTEHancock2014a32-175
Tornjak,https://en.wikipedia.org/wiki/Tornjak
Tosa Inu,https://en.wikipedia.org/wiki/Tosa_(dog)
Toy Fox Terrier,https://en.wikipedia.org/wiki/Toy_Fox_Terrier
Toy Manchester Terrier,https://en.wikipedia.org/wiki/Toy_Manchester_Terrier
Transylvanian Hound,https://en.wikipedia.org/wiki/Transylvanian_Hound
Treeing Cur,https://en.wikipedia.org/wiki/Treeing_Cur
Treeing Feist,https://en.wikipedia.org/wiki/Treeing_Feist
Treeing Tennessee Brindle,https://en.wikipedia.org/wiki/Treeing_Tennessee_Brindle
Treeing Walker Coonhound,https://en.wikipedia.org/wiki/Treeing_Walker_Coonhound
Trigg Hound,https://en.wikipedia.org/wiki/Trigg_Hound
Tyrolean Hound,https://en.wikipedia.org/wiki/Tyrolean_Hound
Vikhan,https://en.wikipedia.org/wiki/Vikhan
Villano de Las Encartaciones,https://en.wikipedia.org/wiki/Villano_de_Las_Encartaciones
Villanuco de Las Encartaciones,https://en.wikipedia.org/wiki/Villanuco_de_Las_Encartaciones
Vizsla,https://en.wikipedia.org/wiki/Vizsla
Volpino Italiano,https://en.wikipedia.org/wiki/Volpino_Italiano
Weimaraner,https://en.wikipedia.org/wiki/Weimaraner
Welsh Sheepdog,https://en.wikipedia.org/wiki/Welsh_Sheepdog
Welsh Springer Spaniel,https://en.wikipedia.org/wiki/Welsh_Springer_Spaniel
Welsh Terrier,https://en.wikipedia.org/wiki/Welsh_Terrier
West Country Harrier,https://en.wikipedia.org/wiki/West_Country_Harrier
West Highland White Terrier,https://en.wikipedia.org/wiki/West_Highland_White_Terrier
West Siberian Laika,https://en.wikipedia.org/wiki/West_Siberian_Laika
Westphalian Dachsbracke,https://en.wikipedia.org/wiki/Westphalian_Dachsbracke
Wetterhoun,https://en.wikipedia.org/wiki/Wetterhoun
Whippet,https://en.wikipedia.org/wiki/Whippet
White Shepherd,https://en.wikipedia.org/wiki/White_Shepherd
White Swiss Shepherd Dog,https://en.wikipedia.org/wiki/White_Swiss_Shepherd_Dog
Wire Fox Terrier,https://en.wikipedia.org/wiki/Wire_Fox_Terrier
Wirehaired Pointing Griffon,https://en.wikipedia.org/wiki/Wirehaired_Pointing_Griffon
Wirehaired Vizsla,https://en.wikipedia.org/wiki/Wirehaired_Vizsla
Xiasi Dog,https://en.wikipedia.org/wiki/Xiasi_Dog
Xoloitzcuintle,https://en.wikipedia.org/wiki/Mexican_Hairless_Dog
Yakutian Laika,https://en.wikipedia.org/wiki/Yakutian_Laika
Yorkshire Terrier,https://en.wikipedia.org/wiki/Yorkshire_Terrier
Zerdava,https://en.wikipedia.org/wiki/Zerdava
Alaunt,https://en.wikipedia.org/wiki/Alaunt
Alpine Mastiff,https://en.wikipedia.org/wiki/Alpine_Mastiff
Argentine Polar Dog,https://en.wikipedia.org/wiki/Argentine_Polar_Dog
Belgian Mastiff,https://en.wikipedia.org/wiki/Belgian_Mastiff
Black and Tan Terrier,https://en.wikipedia.org/wiki/Black_and_Tan_Terrier
Blue Paul Terrier,https://en.wikipedia.org/wiki/Blue_Paul_Terrier
Braque Dupuy,https://en.wikipedia.org/wiki/Braque_Dupuy
Buckhound,https://en.wikipedia.org/wiki/Buckhound
Bull and terrier,https://en.wikipedia.org/wiki/Bull_and_terrier
Bullenbeisser,https://en.wikipedia.org/wiki/Bullenbeisser
Chien-gris,https://en.wikipedia.org/wiki/Chien-gris
Chiribaya Dog,https://en.wikipedia.org/wiki/Chiribaya_Dog
Cordoba Fighting Dog,https://en.wikipedia.org/wiki/Cordoba_Fighting_Dog
Cumberland Sheepdog,https://en.wikipedia.org/wiki/Cumberland_Sheepdog
Cur,https://en.wikipedia.org/wiki/Cur
Dalbo dog,https://en.wikipedia.org/wiki/Dalbo_dog
Dogo cubano,https://en.wikipedia.org/wiki/Dogo_cubano
Dumfriesshire Black and Tan Foxhound,https://en.wikipedia.org/wiki/Dumfriesshire_hound
English Water Spaniel,https://en.wikipedia.org/wiki/English_Water_Spaniel
English White Terrier,https://en.wikipedia.org/wiki/English_White_Terrier
Fila da Terceira,https://en.wikipedia.org/wiki/Terceira_Mastiff
Fuegian dog,https://en.wikipedia.org/wiki/Fuegian_dog
Grand Fauve de Bretagne,https://en.wikipedia.org/wiki/Grand_Fauve_de_Bretagne
Halls Heeler,https://en.wikipedia.org/wiki/Halls_Heeler
Hare Indian Dog,https://en.wikipedia.org/wiki/Hare_Indian_Dog
Hawaiian Poi Dog,https://en.wikipedia.org/wiki/Hawaiian_Poi_Dog
King's White Hound,https://en.wikipedia.org/wiki/King%27s_White_Hound
Kurī,https://en.wikipedia.org/wiki/Kur%C4%AB
Lapponian Shepherd,https://en.wikipedia.org/wiki/Lapponian_Shepherd
Limer,https://en.wikipedia.org/wiki/Limer
Marquesan Dog,https://en.wikipedia.org/wiki/Marquesan_Dog
Molossus,https://en.wikipedia.org/wiki/Molossus_(dog)
Moscow Water Dog,https://en.wikipedia.org/wiki/Moscow_Water_Dog
Norfolk Spaniel,https://en.wikipedia.org/wiki/Norfolk_Spaniel
Norman Hound,https://en.wikipedia.org/wiki/Norman_Hound
North Country Beagle,https://en.wikipedia.org/wiki/North_Country_Beagle
Old Croatian Sighthound,https://en.wikipedia.org/wiki/Old_Croatian_Sighthound
Old English Bulldog,https://en.wikipedia.org/wiki/Old_English_Bulldog
Old Spanish Pointer,https://en.wikipedia.org/wiki/Old_Spanish_Pointer
Old Welsh Grey Sheepdog,https://en.wikipedia.org/wiki/Old_Welsh_Grey_Sheepdog
Paisley Terrier,https://en.wikipedia.org/wiki/Paisley_Terrier
Polynesian Dog,https://en.wikipedia.org/wiki/Polynesian_Dog
Rache,https://en.wikipedia.org/wiki/Rache
Rastreador Brasileiro,https://en.wikipedia.org/wiki/Rastreador_Brasileiro
Saint John's water dog,https://en.wikipedia.org/wiki/St._John%27s_water_dog
Sakhalin Husky,https://en.wikipedia.org/wiki/Sakhalin_Husky
Salish Wool Dog,https://en.wikipedia.org/wiki/Salish_Wool_Dog
Sleuth hound,https://en.wikipedia.org/wiki/Sleuth_hound
Southern Hound,https://en.wikipedia.org/wiki/Southern_Hound
Staghound,https://en.wikipedia.org/wiki/Staghound
Tahitian Dog,https://en.wikipedia.org/wiki/Tahitian_Dog
Tahltan Bear Dog,https://en.wikipedia.org/wiki/Tahltan_Bear_Dog
Talbot Hound,https://en.wikipedia.org/wiki/Talbot_(dog)
Tesem,https://en.wikipedia.org/wiki/Tesem
Toy Bulldog,https://en.wikipedia.org/wiki/Toy_Bulldog
Toy Trawler Spaniel,https://en.wikipedia.org/wiki/Toy_Trawler_Spaniel
Turnspit dog,https://en.wikipedia.org/wiki/Turnspit_dog
Tweed Water Spaniel,https://en.wikipedia.org/wiki/Tweed_Water_Spaniel
Welsh Hillman,https://en.wikipedia.org/wiki/Welsh_Hillman
